name;city;start_day;start_month;start_year;end_day;end_month;end_year;Latitude;Longtitude;link
15th Annual Conference of the Italian Association for Cognitive Sciences;Pavia;17;11;2018;19;11;2018;-11.632774672822553;23.158666153853055;https://linguistlist.org/callconf/browse-conf-action.cfm?ConfID=333537
2018 Seminar on Linguistic Typology and the Expressions of Motion Events in Languages in China;Changshu;21;11;2018;23;11;2018;-45.403751489544774;-27.29387711108053;https://linguistlist.org/callconf/browse-conf-action.cfm?ConfID=313096
8th International Conference on Academic Studies in Human Educational and Social Sciences;Tirana, ALBANIA;14;11;2018;15;11;2018;-81.28429360473618;126.63616924373544;https://linguistlist.org/callconf/browse-conf-action.cfm?ConfID=343816
A Host of Tongues…: Multilingualism, Lingua Franca and Translation in the Early Modern Period;Lisbon;13;11;2018;15;11;2018;6.294188706696644;32.96009608042341;https://linguistlist.org/callconf/browse-conf-action.cfm?ConfID=327316
CogLingDays8;Louvain-la-Neuve;13;11;2018;14;11;2018;-60.429545795481104;80.02484982324407;https://linguistlist.org/callconf/browse-conf-action.cfm?ConfID=317336
Discourse Markers, a Contrastive Perspective between Portuguese and Other Languages;Porto;13;11;2018;14;11;2018;54.43954261021889;-111.5937173709681;https://linguistlist.org/callconf/browse-conf-action.cfm?ConfID=339876
Fieldwork: Methods and Theory;Gothenburg;13;11;2018;14;11;2018;-16.085401897031467;60.86293060575637;https://linguistlist.org/callconf/browse-conf-action.cfm?ConfID=333036
Globalising Sociolinguistics 2: Communicating in the City;Leiden;13;11;2018;15;11;2018;50.53201808081921;-77.83630404513517;https://linguistlist.org/callconf/browse-conf-action.cfm?ConfID=306396
I Workshop on Spoken Corpus Linguistics;València;13;11;2018;14;11;2018;87.8591221537535;-155.22659208449178;https://linguistlist.org/callconf/browse-conf-action.cfm?ConfID=323076
Linguistic Issues in Vietnam and Southeast Asia;Ho Chi Minh City;21;11;2018;22;11;2018;-17.502808489988798;-169.86667070567233;https://linguistlist.org/callconf/browse-conf-action.cfm?ConfID=328276
Semantics and Philosophy in Europe 10;Barcelona, Catalonia;17;11;2018;19;11;2018;-89.55192902485062;-18.07003275074453;https://linguistlist.org/callconf/browse-conf-action.cfm?ConfID=335296
Society for the History of Linguistics in the Pacific 6;Adelaide, South Australia;13;11;2018;14;11;2018;-0.5285422500044822;-107.82044506415414;https://linguistlist.org/callconf/browse-conf-action.cfm?ConfID=316416
The Language of Art and Culture Heritage: a Pluringual and Digital Perspective;Bologna;13;11;2018;14;11;2018;67.50377445806951;3.148861533685451;https://linguistlist.org/callconf/browse-conf-action.cfm?ConfID=339236
Translation and Performative Practices: Itineraries in Translation History;Tartu;13;11;2018;15;11;2018;12.93531311132254;-12.16123486938998;https://linguistlist.org/callconf/browse-conf-action.cfm?ConfID=338756
What’s (the) News? Values, Viruses and Vectors of Newsworthiness;Brussels;13;11;2018;14;11;2018;45.10674184108984;-26.350780910207938;https://linguistlist.org/callconf/browse-conf-action.cfm?ConfID=318696
Workshop on Accommodation in Speech Communication;Zurich;13;11;2018;13;11;2018;-16.71408628127986;-125.55265667028652;https://linguistlist.org/callconf/browse-conf-action.cfm?ConfID=347136
16th Old World Conference on Phonology;Verona;16;0;2019;18;0;2019;13.99535568063395;155.74917827836703;https://linguistlist.org/callconf/browse-conf-action.cfm?ConfID=329116
2019 MLA Convention Session: Pathways to Paradigm Change: Critical Examinations of Prevailing Discourses and Ideologies in Second Language Education;Chicago/Illinois;03;0;2019;06;0;2019;-5.0462317304786986;106.5714080883694;https://linguistlist.org/callconf/browse-conf-action.cfm?ConfID=320097
3rd International Conference on Teaching Grammar;Barcelona;23;0;2019;25;0;2019;-67.84497171188102;90.46747693558551;https://linguistlist.org/callconf/browse-conf-action.cfm?ConfID=308676
4th Variation and Language Processing;Sydney, NSW;23;0;2019;25;0;2019;71.23885878372805;104.3277785596718;https://linguistlist.org/callconf/browse-conf-action.cfm?ConfID=324236
6th Workshop on Portuguese as a Second Language - Acquisition and Teaching;Lisbon;18;0;2019;19;0;2019;-68.01917049324256;-173.63799757027033;https://linguistlist.org/callconf/browse-conf-action.cfm?ConfID=338716
"AAAI Workshop on Affective Content Analysis &amp; Happiness Shared Task: Modeling Affect-in-Action";Honolulu, Hawaii;27;0;2019;28;0;2019;58.68570034444247;-176.06536748637728;https://linguistlist.org/callconf/browse-conf-action.cfm?ConfID=347617
American Dialect Society Annual Meeting;New York, NY;03;0;2019;06;0;2019;-3.2459003838660885;105.53347017069547;https://linguistlist.org/callconf/browse-conf-action.cfm?ConfID=325896
American Name Society;New York, NY;03;0;2019;06;0;2019;87.5056684133474;-81.7424388544985;https://linguistlist.org/callconf/browse-conf-action.cfm?ConfID=336816
Bilingualism in the Hispanic and Lusophone World;Leiden;09;0;2019;11;0;2019;-0.33111077393349275;138.05164038258405;https://linguistlist.org/callconf/browse-conf-action.cfm?ConfID=334816
CLIN 29: Computational Linguistics in The Netherlands;Groningen;31;0;2019;31;0;2019;-65.84252623464852;38.56594119052551;https://linguistlist.org/callconf/browse-conf-action.cfm?ConfID=345656
Community-based Language Research across the Americas;New York, NY;02;0;2019;03;0;2019;43.087113335904526;-31.164931184745527;https://linguistlist.org/callconf/browse-conf-action.cfm?ConfID=336996
Computer-Assisted Literary Translation workshop;Swansea;25;0;2019;26;0;2019;-3.829635359182172;118.14604469681964;https://linguistlist.org/callconf/browse-conf-action.cfm?ConfID=352796
Conference On Asian Linguistic Anthropology 1;Siem Reap;23;0;2019;26;0;2019;-58.26825612366103;141.0310681917502;https://linguistlist.org/callconf/browse-conf-action.cfm?ConfID=301076
Experimental Approaches to Cross-linguistic Variation in Island Phenomena;New York, New York;03;0;2019;07;0;2019;82.77235445825823;9.960376225300923;https://linguistlist.org/callconf/browse-conf-action.cfm?ConfID=326676
Fifth International Workshop for Computational Linguistics of Uralic Languages;Tartu;07;0;2019;08;0;2019;-17.54213117301054;-154.83774759728843;https://linguistlist.org/callconf/browse-conf-action.cfm?ConfID=338496
Fifth National Language Conference;Cuttack, Odisha,;19;0;2019;21;0;2019;-20.540564733144343;-29.145670193499463;https://linguistlist.org/callconf/browse-conf-action.cfm?ConfID=349456
First(!) Annual Meeting of the North American Research Network in Historical Sociolinguistics;New York City;05;0;2019;05;0;2019;7.337569321837083;35.315474001903965;https://linguistlist.org/callconf/browse-conf-action.cfm?ConfID=332436
Fremdsprachenlehrwerke in der Frühen Neuzeit: Perspektiven – Potentiale – Herausforderungen;Berlin;21;0;2019;22;0;2019;66.52445058707787;139.06838655301797;https://linguistlist.org/callconf/browse-conf-action.cfm?ConfID=331036
Hybrid/Paradoxal Representations of Gender and Sexuality;Siem Reap;23;0;2019;26;0;2019;-12.853242748975163;-100.47376929633909;https://linguistlist.org/callconf/browse-conf-action.cfm?ConfID=338356
Interdisciplinary Conference on the Prehistory of Transeurasian Millets and Beans, Languages and Genes;Jena, Thuringia;08;0;2019;11;0;2019;31.473836616085634;-20.40159955991711;https://linguistlist.org/callconf/browse-conf-action.cfm?ConfID=342896
International Perspectives on Assessing World Languages;Cairo;30;0;2019;31;0;2019;-31.455910654856513;116.49251539914273;https://linguistlist.org/callconf/browse-conf-action.cfm?ConfID=346976
JALT Hokkaido Winter Language Teaching Conference;Sapporo, Hokkaido;26;0;2019;27;0;2019;-89.473519760535;-113.76864571729868;https://linguistlist.org/callconf/browse-conf-action.cfm?ConfID=340376
Language and Post-queer Sexuality in East Asia;Siem Reap;23;0;2019;26;0;2019;-8.47589164430844;-87.41182227360422;https://linguistlist.org/callconf/browse-conf-action.cfm?ConfID=338376
L'apprenant en langues et dans les métiers de la traduction : source d'interrogations et de perspectives / Language learners and learning in the language and translation professions: questions pending and future avenues to explore;Rennes;31;0;2019;02;1;2019;-29.998244468243428;-5.224261948336276;https://linguistlist.org/callconf/browse-conf-action.cfm?ConfID=325356
Las categorías gramaticales. Relaciones y diferencias, treinta años después;Madrid;30;0;2019;02;1;2019;-25.35549511989399;-177.90184916674843;https://linguistlist.org/callconf/browse-conf-action.cfm?ConfID=347916
L’épilinguistique et le métalinguistique en linguistique énonciative;Paris Est-Marne La Vallée;17;0;2019;18;0;2019;4.014880527676886;5.71608150672298;https://linguistlist.org/callconf/browse-conf-action.cfm?ConfID=335436
Linguistics and its Historical Forms of Organization and Production;Paris;24;0;2019;26;0;2019;-41.17823586856949;33.20578616377344;https://linguistlist.org/callconf/browse-conf-action.cfm?ConfID=328316
Linguistic Society of America 93rd Annual Meeting;New York, NY;03;0;2019;06;0;2019;-66.32724839239063;-122.32802950597106;https://linguistlist.org/callconf/browse-conf-action.cfm?ConfID=329876
Modern Language Association: Selected Topics in Romance Linguistics;Chicago, IL;03;0;2019;06;0;2019;-34.01295224911562;95.85459117290611;https://linguistlist.org/callconf/browse-conf-action.cfm?ConfID=317056
Particles in German, English and Beyond;Saarbrücken (Saarland University);21;0;2019;22;0;2019;-36.29157097517479;-131.39228780876718;https://linguistlist.org/callconf/browse-conf-action.cfm?ConfID=345396
Secrets of Success. Or: How to preserve a Verb Second word order?;Oslo;10;0;2019;11;0;2019;-19.027740232636226;133.66962630467626;https://linguistlist.org/callconf/browse-conf-action.cfm?ConfID=345916
Society for Computation in Linguistics Second Meeting;New York, NY;03;0;2019;06;0;2019;-43.28174425967604;-109.47825652669579;https://linguistlist.org/callconf/browse-conf-action.cfm?ConfID=328816
Society for Pidgin and Creole Linguistics - Winter Conference 2019;New York;03;0;2019;06;0;2019;82.13548924460943;-74.51468485538255;https://linguistlist.org/callconf/browse-conf-action.cfm?ConfID=334436
Spatial Patterns of Language Evolution;Zurich;24;0;2019;24;0;2019;70.12949909807253;39.43193672417298;https://linguistlist.org/callconf/browse-conf-action.cfm?ConfID=341176
Teaching General Linguistics Classes - LSA Special Session;New York, NY;03;0;2019;06;0;2019;-7.7348272196324155;69.89760751791374;https://linguistlist.org/callconf/browse-conf-action.cfm?ConfID=327696
The 9th International Conference on Han Characters Education and Research;Ho Chi Minh City University of Education, Vietnam;19;0;2019;21;0;2019;82.50879472721755;12.970046986990786;https://linguistlist.org/callconf/browse-conf-action.cfm?ConfID=340396
The Society for the Study of Indigenous Languages of the Americas Winter Meeting 2019;New York City, NY;03;0;2019;06;0;2019;-74.86659020751404;42.90543453764236;https://linguistlist.org/callconf/browse-conf-action.cfm?ConfID=322916
Workshop: Multilingualism, Contact and Documenting Endangered Languages;New York, New York;06;0;2019;06;0;2019;-66.40029332066258;-103.87694358814312;https://linguistlist.org/callconf/browse-conf-action.cfm?ConfID=338196
11th International Conference on Middle English;Florence;05;1;2019;08;1;2019;66.0712240147697;1.7473849425907182;https://linguistlist.org/callconf/browse-conf-action.cfm?ConfID=315817
18th SLAT Interdisciplinary Roundtable;Tucson;08;1;2019;09;1;2019;-84.64614011268564;-156.63958470741488;https://linguistlist.org/callconf/browse-conf-action.cfm?ConfID=352076
1st FARMM Challenge Formal Approaches to Romance Microvariation and Microcontact;Barcelona;15;1;2019;15;1;2019;3.8382592086442875;-168.75093630994485;https://linguistlist.org/callconf/browse-conf-action.cfm?ConfID=342436
29th Annual Graduate and Professional Symposium on Hispanic and Luso-Brazilian Literature, Language and Culture:;Tucson, AZ;22;1;2019;23;1;2019;38.966402509333506;-90.58177717331553;https://linguistlist.org/callconf/browse-conf-action.cfm?ConfID=356476
2nd International Cyprus Undergraduate Linguistics Conference;Nicosia;16;1;2019;17;1;2019;-19.182446222295994;-24.54868350599828;https://linguistlist.org/callconf/browse-conf-action.cfm?ConfID=345436
3rd Workshop on the Use of Computational Methods in the Study of Endangered Languages;Honolulu, Hawai'i;26;1;2019;27;1;2019;39.03553439239981;86.7158155371973;https://linguistlist.org/callconf/browse-conf-action.cfm?ConfID=334236
40th Annual Southwest Popular/American Culture Association;Albuquerque, NM;20;1;2019;23;1;2019;1.3687937418356173;59.96528986121288;https://linguistlist.org/callconf/browse-conf-action.cfm?ConfID=342856
45th Incontro di Grammatica Generativa;Padova;21;1;2019;23;1;2019;-46.67257319918798;-115.15909954906567;https://linguistlist.org/callconf/browse-conf-action.cfm?ConfID=347536
4th International Conference ‘From Theory to Practice in Language for Specific Purposes’;Zagreb;21;1;2019;23;1;2019;72.42512886684678;108.24352900800534;https://linguistlist.org/callconf/browse-conf-action.cfm?ConfID=335616
4th Intonation Workshop;Toronto, ON;15;1;2019;15;1;2019;50.10724035046476;-30.127741689512913;https://linguistlist.org/callconf/browse-conf-action.cfm?ConfID=348016
4th Workshop on Turkic and Languages in Contact with Turkic;New York, New York;16;1;2019;17;1;2019;-87.91544692743508;-65.42285200722351;https://linguistlist.org/callconf/browse-conf-action.cfm?ConfID=340417
5th International Conference on the Teaching of French;San Juan;28;1;2019;02;2;2019;-57.810364798408244;-20.192283258221497;https://linguistlist.org/callconf/browse-conf-action.cfm?ConfID=330116
6th National Symposium on Spanish as a Heritage Language;McAllen, Texas;21;1;2019;23;1;2019;-56.11665564535392;-97.47191886929717;https://linguistlist.org/callconf/browse-conf-action.cfm?ConfID=329896
7th International Conference on Endangered and Lesser Known Languages;kolkata;20;1;2019;23;1;2019;54.98213336786354;-134.78568204120364;https://linguistlist.org/callconf/browse-conf-action.cfm?ConfID=329977
AISV Conference 2019: Audio Archives at the Crossroads of Speech Sciences, Digital Humanities and Digital Heritage;Arezzo;14;1;2019;16;1;2019;16.019530809382115;-140.11202576730346;https://linguistlist.org/callconf/browse-conf-action.cfm?ConfID=338396
AItLA 2019: Minority Languages Between Localism and Globalization;Cagliari;21;1;2019;23;1;2019;55.97578884963823;-73.6818596496442;https://linguistlist.org/callconf/browse-conf-action.cfm?ConfID=335976
American Association for the Advancement of Science;Washington DC;14;1;2019;17;1;2019;-87.10527993047896;143.13866028864172;https://linguistlist.org/callconf/browse-conf-action.cfm?ConfID=347176
Applied Winter Linguistics Conference 2019 (ALWC);Binghamton, New York;09;1;2019;09;1;2019;-13.464852306778436;69.5973866607307;https://linguistlist.org/callconf/browse-conf-action.cfm?ConfID=345456
Australian Humour Studies Network conference;Melbourne, Victoria;06;1;2019;08;1;2019;52.695424499183154;-127.63742046188082;https://linguistlist.org/callconf/browse-conf-action.cfm?ConfID=326337
BLS Workshop: Countability Distinctions;Berkeley, CA;08;1;2019;09;1;2019;44.53522004480132;84.09463494195884;https://linguistlist.org/callconf/browse-conf-action.cfm?ConfID=350476
ConSOLE XVII 2019;Berlin;21;1;2019;23;1;2019;-17.45350318286625;78.13885573831793;https://linguistlist.org/callconf/browse-conf-action.cfm?ConfID=332316
Corpora for Language and Aging Research 4: Interaction, Methods, and Positions;Helsinki;27;1;2019;01;2;2019;-71.28373108700842;-164.5618591882692;https://linguistlist.org/callconf/browse-conf-action.cfm?ConfID=332216
Crossing the Border between Spanish and English: Current issues, future perspectives, linguistic and literary insights;Ghent;05;1;2019;06;1;2019;51.5577977147618;8.171581473919305;https://linguistlist.org/callconf/browse-conf-action.cfm?ConfID=331716
Explanation and Prediction in Linguistics. Formalist and Functionalist Approaches;Heidelberg, Baden-Württemberg;13;1;2019;14;1;2019;-14.736225865910566;140.65666102974333;https://linguistlist.org/callconf/browse-conf-action.cfm?ConfID=352716
First Conference of Indonesian Community for Forensic Linguistics;Pekanbaru, Riau Province;09;1;2019;09;1;2019;-33.01555314955788;179.6300148116916;https://linguistlist.org/callconf/browse-conf-action.cfm?ConfID=355396
Giornate di Studi Scientifici sul Linguaggio II - 2019;Rovereto (TN);11;1;2019;12;1;2019;-37.56572344403859;168.75091439499718;https://linguistlist.org/callconf/browse-conf-action.cfm?ConfID=354716
Integration of Universities into International Academic Community: Tradition and Modern Tendencies;Ulyanovsk;14;1;2019;16;1;2019;83.35017079645588;30.753209958243282;https://linguistlist.org/callconf/browse-conf-action.cfm?ConfID=341576
International Conference on Hindi as a Second / Foreign Language;Lisbon;06;1;2019;08;1;2019;-77.8195702962379;-35.71388869120134;https://linguistlist.org/callconf/browse-conf-action.cfm?ConfID=323776
International Conference on Indigenous Languages, Societies and Cultures of India;Hyderabad, Telangana;21;1;2019;22;1;2019;0.7157771414759847;-120.01929709611738;https://linguistlist.org/callconf/browse-conf-action.cfm?ConfID=343796
"International Conference on Language Documentation &amp; Conservation";Honolulu, Hawaiʻi;28;1;2019;03;2;2019;56.22680253231429;-31.210093114548922;https://linguistlist.org/callconf/browse-conf-action.cfm?ConfID=327796
International Conference on Pluricentricity vs. Pluriareality - Models, Varieties, Approaches;Münster;08;1;2019;10;1;2019;62.51629178070487;86.39080997848237;https://linguistlist.org/callconf/browse-conf-action.cfm?ConfID=344116
International Mother Language Conference;Kitui County;20;1;2019;22;1;2019;-58.07046754917168;-123.69387731086415;https://linguistlist.org/callconf/browse-conf-action.cfm?ConfID=355036
Language, Identity and Education in Multilingual Contexts;York;14;1;2019;16;1;2019;57.710622453038226;-153.7112655780184;https://linguistlist.org/callconf/browse-conf-action.cfm?ConfID=337856
Mobile Language Learning Experience;New York, NY;21;1;2019;22;1;2019;-26.032057900889058;-175.3821006390945;https://linguistlist.org/callconf/browse-conf-action.cfm?ConfID=331856
Multimodale Kommunikation in den Hypermedien - Herausforderungen für die Deutschdidaktik;Bochum;06;1;2019;08;1;2019;19.005398710633763;3.4702888678014814;https://linguistlist.org/callconf/browse-conf-action.cfm?ConfID=334676
National Conference on New Trends in Applied Linguistics and Translation Studies;Baharestan, Isfahan;21;1;2019;21;1;2019;-76.09891304501504;73.99263207740391;https://linguistlist.org/callconf/browse-conf-action.cfm?ConfID=335236
Natural Language Processing in Artificial Intelligence 2019;Prague;19;1;2019;21;1;2019;28.04991383420337;85.23651001749012;https://linguistlist.org/callconf/browse-conf-action.cfm?ConfID=346376
Spanish Linguistics in North Carolina 2019;Chapel Hill, NC;09;1;2019;09;1;2019;40.59943648230165;-153.32494852950984;https://linguistlist.org/callconf/browse-conf-action.cfm?ConfID=341716
Specialised Discourse and Multimedia: Linguistic features and translation issues;Lecce;14;1;2019;16;1;2019;-33.75793220636941;71.8185703318258;https://linguistlist.org/callconf/browse-conf-action.cfm?ConfID=324217
Task-based Teaching and the Place of Grammar in Secondary-School Foreign-Language Classes : Finding a Common Ground;Paris Nanterre;08;1;2019;09;1;2019;-34.77451908203599;124.19687800931348;https://linguistlist.org/callconf/browse-conf-action.cfm?ConfID=325096
Texas Linguistics Society;Austin, Texas;22;1;2019;24;1;2019;57.49290846469352;96.28847630250142;https://linguistlist.org/callconf/browse-conf-action.cfm?ConfID=344736
The University of Alabama Languages Conference;Tuscaloosa, AL;08;1;2019;09;1;2019;-82.22769494042426;-34.814691763709135;https://linguistlist.org/callconf/browse-conf-action.cfm?ConfID=343616
Time and Temporality in the Asian and European Modernity;Hyderabad, South India;15;1;2019;17;1;2019;-5.790529166269208;140.35846125034405;https://linguistlist.org/callconf/browse-conf-action.cfm?ConfID=325776
Transdisciplinary Approaches to Language Variation 2;Limassol;15;1;2019;16;1;2019;3.8569784587335585;-0.9566366504390447;https://linguistlist.org/callconf/browse-conf-action.cfm?ConfID=345496
Workshop in Cognitive Approaches in Language Learning and Bilingualism;University of Gothenburg;07;1;2019;08;1;2019;6.495156813393392;172.44891681745375;https://linguistlist.org/callconf/browse-conf-action.cfm?ConfID=317076
XXXIX International VAKKI Symposium;Vaasa;07;1;2019;08;1;2019;46.46216061574125;-38.90478723832049;https://linguistlist.org/callconf/browse-conf-action.cfm?ConfID=332516
12th Toronto Undergraduate Linguistics Conference;Toronto;08;2;2019;10;2;2019;56.86081728073256;-139.623170164436;https://linguistlist.org/callconf/browse-conf-action.cfm?ConfID=355356
16th Workshop in General Linguistics;Madison, WI;30;2;2019;31;2;2019;54.508657450285796;37.39062163377138;https://linguistlist.org/callconf/browse-conf-action.cfm?ConfID=352936
20th Szklarska Poręba Workshop on the Roots of Pragmasemantics;Szklarska Poręba;01;2;2019;04;2;2019;32.61410149935206;160.42551530015854;https://linguistlist.org/callconf/browse-conf-action.cfm?ConfID=353976
22nd Annual Ohio State University Congress on Hispanic and Lusophone Linguistics;Columbus, Ohio;29;2;2019;30;2;2019;56.96399543031097;-51.71787386328901;https://linguistlist.org/callconf/browse-conf-action.cfm?ConfID=351716
25th Annual University of Texas Arlington Students Conference of Linguistics and TESOL;Arlington, TX;01;2;2019;02;2;2019;-30.15860505830512;-45.01693148580012;https://linguistlist.org/callconf/browse-conf-action.cfm?ConfID=353516
2nd International Conference on Bilingualism;University of Malta Valletta Campus;25;2;2019;27;2;2019;-79.23645785337172;-90.46021330935909;https://linguistlist.org/callconf/browse-conf-action.cfm?ConfID=325456
2nd International Conference on Theoretical East Asian Psycholinguistics;Tsinghua University, Beijing;16;2;2019;17;2;2019;89.14148536490441;129.4093683540103;https://linguistlist.org/callconf/browse-conf-action.cfm?ConfID=345556
"2nd Modern Linguistics &amp; Language Didactics Conference - Focus: Grammaticality Judgments &amp; Language Awareness";Bochum, NRW;28;2;2019;29;2;2019;-13.168271143598169;-71.91027500660374;https://linguistlist.org/callconf/browse-conf-action.cfm?ConfID=332376
32nd CUNY Conference on Human Sentence Processing;Boulder, Colorado;29;2;2019;31;2;2019;-82.66881922273285;-64.99767381404098;https://linguistlist.org/callconf/browse-conf-action.cfm?ConfID=349576
41st Annual Meeting of the Deutsche Gesellschaft für Sprachwissenschaft;Bremen;06;2;2019;08;2;2019;83.66477166899597;-159.65549421796803;https://linguistlist.org/callconf/browse-conf-action.cfm?ConfID=331396
43rd Annual Penn Linguistics Conference;Philadelphia, PA;22;2;2019;24;2;2019;-40.54564102587435;-36.10427681556199;https://linguistlist.org/callconf/browse-conf-action.cfm?ConfID=347996
4th International Conference: The Magic of Innovation: Integrative Trends in Linguistics and Foreign Language Teaching;Moscow;22;2;2019;23;2;2019;60.56293047748518;-150.2877492832805;https://linguistlist.org/callconf/browse-conf-action.cfm?ConfID=340616
50 Jahre Speech Acts – Bilanz und Perspektiven;Bremen;05;2;2019;05;2;2019;-86.04001434834476;69.07770291774123;https://linguistlist.org/callconf/browse-conf-action.cfm?ConfID=331196
6th Scarborough Undergraduate Linguistics Conference;Toronto, Ontario;01;2;2019;01;2;2019;-55.0675137959963;119.58925564684897;https://linguistlist.org/callconf/browse-conf-action.cfm?ConfID=356536
7th NTU Postgraduate Conference on Teaching Chinese as a Second Language;Taipei;23;2;2019;23;2;2019;-86.9549144585712;37.08762382947567;https://linguistlist.org/callconf/browse-conf-action.cfm?ConfID=336676
8th Annual Hispanic and Luso-Brazilian Linguistics Conference;Tempe, Arizona;29;2;2019;30;2;2019;-48.70386914106582;0.7572012266652847;https://linguistlist.org/callconf/browse-conf-action.cfm?ConfID=354776
AESLA International Conference – University of Valladolid (Spain): Bilingualism and Languages in Contact;Valladolid;27;2;2019;29;2;2019;-6.189272696996508;134.13694635209063;https://linguistlist.org/callconf/browse-conf-action.cfm?ConfID=335736
Apollonius and Priscian Colloquium Transmission, Translation, Tradition: History of Reception;Bordeaux;21;2;2019;23;2;2019;7.544185697251066;-47.931610909761794;https://linguistlist.org/callconf/browse-conf-action.cfm?ConfID=330496
Applied Linguistics and Language Teaching International Conference and Exhibition 2019;Dubai;07;2;2019;09;2;2019;21.5885835475091;46.45593261683352;https://linguistlist.org/callconf/browse-conf-action.cfm?ConfID=353356
BAAL TEA SIG Conference 2019;London;29;2;2019;29;2;2019;-18.518171692742424;-175.1142935933931;https://linguistlist.org/callconf/browse-conf-action.cfm?ConfID=343356
Chinese Culture in the Global Context International Conference 2019;Hong Kong;13;2;2019;15;2;2019;-2.8901202964361716;-157.5712804109047;https://linguistlist.org/callconf/browse-conf-action.cfm?ConfID=342556
Colloque Diachro IX Le français en diachronie;Salamanca;28;2;2019;30;2;2019;22.201754529160304;-27.017863043784914;https://linguistlist.org/callconf/browse-conf-action.cfm?ConfID=335096
Construcciones en español: contacto, variación y cambio;Berlin;27;2;2019;31;2;2019;12.449550928163239;-11.629321569912747;https://linguistlist.org/callconf/browse-conf-action.cfm?ConfID=322516
Current Trends in Linguistics 2019;Hamburg;28;2;2019;29;2;2019;-55.1348101992161;-134.825140045865;https://linguistlist.org/callconf/browse-conf-action.cfm?ConfID=340216
Descriptive Grammars and Typology: The Challenges of Writing Grammars of Underdescribed and Endangered Languages;Helsinki;27;2;2019;29;2;2019;-88.11202080892284;-108.51911189262911;https://linguistlist.org/callconf/browse-conf-action.cfm?ConfID=330796
Digital Approaches to Teaching Historical Languages;Berlin;28;2;2019;29;2;2019;-33.5320359457149;-113.98118889383272;https://linguistlist.org/callconf/browse-conf-action.cfm?ConfID=349636
Diversity of Writing Systems: Embracing Multiple Perspectives. Association of Written Language and Literacy's 12th International Workshop;Cambridge;26;2;2019;28;2;2019;-54.558010431537944;-60.057667745214104;https://linguistlist.org/callconf/browse-conf-action.cfm?ConfID=329336
Dominanz Macht Sprache;Cluj-Napoca;11;2;2019;12;2;2019;54.94961246645439;-79.60435931736575;https://linguistlist.org/callconf/browse-conf-action.cfm?ConfID=333016
Educating the Global Citizen – International Perspectives on Foreign Language Teaching in the Digital Age;Munich, Bavaria;25;2;2019;28;2;2019;46.09614522476766;152.71514900412976;https://linguistlist.org/callconf/browse-conf-action.cfm?ConfID=345756
Embodying Transitions Beings and Becomings;Madison, Wisconsin;06;2;2019;09;2;2019;1.4642579988954094;-124.98930123179726;https://linguistlist.org/callconf/browse-conf-action.cfm?ConfID=348296
English in Contact;Fukuoka;28;2;2019;29;2;2019;-59.83445603851095;40.8385198840393;https://linguistlist.org/callconf/browse-conf-action.cfm?ConfID=342996
English Studies at the Interface of Disciplines: Research and Practice - 2019;Skopje;21;2;2019;23;2;2019;43.90710282628583;-22.948303215690743;https://linguistlist.org/callconf/browse-conf-action.cfm?ConfID=332876
European Dialect Syntax (Edisyn) Workshop IX;Glasgow;22;2;2019;23;2;2019;40.17705862738834;-8.894280284412002;https://linguistlist.org/callconf/browse-conf-action.cfm?ConfID=350777
Forging Linguistic Identities;Towson, Maryland;14;2;2019;16;2;2019;-65.35811434735307;-23.81903552817221;https://linguistlist.org/callconf/browse-conf-action.cfm?ConfID=329096
Formal Approaches to South Asian Languages;Portland, Oregon;16;2;2019;17;2;2019;60.0427812626614;-96.8412110121079;https://linguistlist.org/callconf/browse-conf-action.cfm?ConfID=351476
Generative Approaches to Second Language Acquisition 15;Reno, NV;22;2;2019;24;2;2019;-89.02135725147907;138.34455903593178;https://linguistlist.org/callconf/browse-conf-action.cfm?ConfID=339656
Georgetown University Roundtable on Languages and Linguistics 2019;Washington, D.C.;29;2;2019;31;2;2019;-3.5891732206688;-58.636384621625226;https://linguistlist.org/callconf/browse-conf-action.cfm?ConfID=356096
Hradec Králové Anglophone Conference 2019;Hradec Králové;28;2;2019;29;2;2019;51.695051097055575;-25.467752977088594;https://linguistlist.org/callconf/browse-conf-action.cfm?ConfID=348276
International Conference on Current Trends in Linguistics;Rouen;28;2;2019;29;2;2019;-45.538385423259314;-177.08173296210907;https://linguistlist.org/callconf/browse-conf-action.cfm?ConfID=327437
International Conference on Education Quality 2019;Agadir;13;2;2019;15;2;2019;-8.199169926154372;-13.418472592314789;https://linguistlist.org/callconf/browse-conf-action.cfm?ConfID=339736
International Conference on Multilingualism and Multilingual Education;Bielefeld;21;2;2019;23;2;2019;2.963241807910213;86.44830072556078;https://linguistlist.org/callconf/browse-conf-action.cfm?ConfID=343216
International Symposium on Linguistics, Cognition, and Culture;Belo Horizonte - MG;13;2;2019;15;2;2019;-10.064133589095215;18.27711609918966;https://linguistlist.org/callconf/browse-conf-action.cfm?ConfID=339036
International Workshop on Degrees and Grammar: An East Asian Perspective;Nanjing, Jiangsu;16;2;2019;17;2;2019;39.4081953069307;-61.60451160967566;https://linguistlist.org/callconf/browse-conf-action.cfm?ConfID=340757
IV International Conference of Applied Linguistics in English and Spanish;Perez Zeledon, San Jose;27;2;2019;29;2;2019;38.04831117310853;15.06497878837413;https://linguistlist.org/callconf/browse-conf-action.cfm?ConfID=334256
Jornadas de Formación de Profesores de Español en Hong Kong;Hong Kong;08;2;2019;09;2;2019;59.082704679308065;-122.4510662718685;https://linguistlist.org/callconf/browse-conf-action.cfm?ConfID=354836
Language Change in English and Beyond: Linguistic Theory and Historical Corpora;Athens;14;2;2019;15;2;2019;30.237436319571994;140.79822912051034;https://linguistlist.org/callconf/browse-conf-action.cfm?ConfID=346496
Language Change in English and Beyond: Linguistic Theory and Historical Corpora;Athens;14;2;2019;15;2;2019;61.7922937914554;-108.274147081971;https://linguistlist.org/callconf/browse-conf-action.cfm?ConfID=346596
L’art des échanges culturels dans les littératures et les cultures de langue française;Victoria, BC;08;2;2019;09;2;2019;53.55860099799277;65.9850919449985;https://linguistlist.org/callconf/browse-conf-action.cfm?ConfID=354956
Le Français en Jeu;Amsterdam;22;2;2019;23;2;2019;59.23481842680908;-112.71694772777796;https://linguistlist.org/callconf/browse-conf-action.cfm?ConfID=310616
Linguistic Investigations Beyond Language: Gestures, Body Movement and Primate Linguistics;Berlin;11;2;2019;12;2;2019;-19.564625169146545;128.71117101300976;https://linguistlist.org/callconf/browse-conf-action.cfm?ConfID=346936
Linguistics and Asian Languages;Poznań;15;2;2019;16;2;2019;5.905788191181512;115.7713033156184;https://linguistlist.org/callconf/browse-conf-action.cfm?ConfID=347156
Local and Global: ‘Spanish(es),’ Identity and Space in US Cities;Washington, DC;21;2;2019;24;2;2019;-43.16180734909441;-82.9967250109524;https://linguistlist.org/callconf/browse-conf-action.cfm?ConfID=333956
Master Class with Artemis Alexiadou;Thessaloniki;19;2;2019;19;2;2019;-58.87326809707235;11.223320150050132;https://linguistlist.org/callconf/browse-conf-action.cfm?ConfID=354496
New Methods and Trends in (Basque) Linguistics;Pamplona (Navarre);06;2;2019;07;2;2019;11.937860529641508;-52.02292176964056;https://linguistlist.org/callconf/browse-conf-action.cfm?ConfID=342616
Norddeutsches Linguistisches Kolloquium;Osnabrueck;28;2;2019;29;2;2019;27.982773305480936;-80.31879639954275;https://linguistlist.org/callconf/browse-conf-action.cfm?ConfID=355996
Nordic Research on Accent, Acceptability and Acquisition;Kiel;21;2;2019;22;2;2019;77.54587645746564;174.78008861490318;https://linguistlist.org/callconf/browse-conf-action.cfm?ConfID=346377
Nouns - between syntax and semantics;Paris;29;2;2019;30;2;2019;20.84290156565015;141.26733153700263;https://linguistlist.org/callconf/browse-conf-action.cfm?ConfID=352476
Philological Society Early Career Researcher Forum;Oxford;08;2;2019;09;2;2019;-34.5624918205775;-67.40540142913814;https://linguistlist.org/callconf/browse-conf-action.cfm?ConfID=342196
Phonological Theory Agora;Nice;15;2;2019;16;2;2019;81.52537123023887;147.23695767029278;https://linguistlist.org/callconf/browse-conf-action.cfm?ConfID=352896
Phraseology and Stylistics of Literary Language;Erlangen;13;2;2019;15;2;2019;-4.602097891915359;-164.72507676582967;https://linguistlist.org/callconf/browse-conf-action.cfm?ConfID=333336
Purdue Linguistics, Literature, and Second Language Studies Conference;West Lafayette, IN;01;2;2019;03;2;2019;4.368986591394892;41.33709280239094;https://linguistlist.org/callconf/browse-conf-action.cfm?ConfID=349936
Second Colloquium on Language Contact in Education: Multilingual Competences and Practices;Rabat;13;2;2019;14;2;2019;-48.619599900093974;57.57041766162381;https://linguistlist.org/callconf/browse-conf-action.cfm?ConfID=347476
"Tabu: 6th Annual Graduate Conference of the Department of Spanish &amp; Portuguese - University of Minnesota";Minneapolis, MN;29;2;2019;30;2;2019;-6.173912532331507;72.93414328434334;https://linguistlist.org/callconf/browse-conf-action.cfm?ConfID=354576
The Creative Power of Metaphor;Oxford;29;2;2019;30;2;2019;40.539777137132624;143.04231664889514;https://linguistlist.org/callconf/browse-conf-action.cfm?ConfID=336697
The Evolution of Language: Bridging the Natural and Cognitive Sciences;Zurich;04;2;2019;05;2;2019;12.634341542262865;92.67585922557026;https://linguistlist.org/callconf/browse-conf-action.cfm?ConfID=351776
The Meaning of Numerals: Cognitive, Experimental, and Semantic Perspectives;ZAS, Berlin;27;2;2019;28;2;2019;35.8639866112931;-55.377791998359804;https://linguistlist.org/callconf/browse-conf-action.cfm?ConfID=349236
Third Symposium on Amazonian Languages;Berkeley, CA;16;2;2019;17;2;2019;1.528827254381476;-123.89014923323992;https://linguistlist.org/callconf/browse-conf-action.cfm?ConfID=356456
Translation and Identity - 10th Annual Graduate Student Conference in Translation Studies;Toronto, Ontario;02;2;2019;02;2;2019;44.68752799789304;-38.08804419619833;https://linguistlist.org/callconf/browse-conf-action.cfm?ConfID=351456
Translation and Language: Comparative Studies;Kyiv;27;2;2019;28;2;2019;-26.10517122145524;89.12224768414417;https://linguistlist.org/callconf/browse-conf-action.cfm?ConfID=352296
VIII Annual Undergraduate Conference on Latin American and Iberian Studies;Cleveland, Tennessee;23;2;2019;23;2;2019;11.331365355983785;58.666463223951;https://linguistlist.org/callconf/browse-conf-action.cfm?ConfID=351996
Western Interdisciplinary Student Symposium on Language Research;London, Ontario;15;2;2019;15;2;2019;76.02352073585236;-58.10728192621298;https://linguistlist.org/callconf/browse-conf-action.cfm?ConfID=351576
Whither Reanalysis;Berlin;01;2;2019;02;2;2019;42.760903195458404;166.9579326875993;https://linguistlist.org/callconf/browse-conf-action.cfm?ConfID=336896
Workshop on Linguistic Minorities in Asia;Hong Kong;22;2;2019;23;2;2019;85.56297285852077;18.374008998691362;https://linguistlist.org/callconf/browse-conf-action.cfm?ConfID=337396
Workshop: “Twin Talks: Understanding Collaboration in DH”;Copenhagen;05;2;2019;05;2;2019;-89.2374836683582;65.90318752371084;https://linguistlist.org/callconf/browse-conf-action.cfm?ConfID=355677
XV Foro de profesores de E/LE: las destrezas orales;Valencia;01;2;2019;02;2;2019;-14.416901835544666;-127.61090095934655;https://linguistlist.org/callconf/browse-conf-action.cfm?ConfID=356877
XXII. Deutscher Hispanistentag „Constellations, networks and transformations“;Berlin;27;2;2019;31;2;2019;-88.6846268789629;47.66605315420327;https://linguistlist.org/callconf/browse-conf-action.cfm?ConfID=320076
11th Annual Meeting of the Illinois Language and Linguistics Society;Urbana-Champaign, Illinois;26;3;2019;28;3;2019;32.51430722522;-62.50645557449259;https://linguistlist.org/callconf/browse-conf-action.cfm?ConfID=341516
11th International Conference on Professional Communication and Translation Studies;Timisoara;04;3;2019;05;3;2019;67.80171332334662;-75.38718476857781;https://linguistlist.org/callconf/browse-conf-action.cfm?ConfID=349556
27th Spanish in the US and 12th Spanish in Contact with Other Languages;Cleveland;04;3;2019;06;3;2019;60.211259965048214;-146.49778095826318;https://linguistlist.org/callconf/browse-conf-action.cfm?ConfID=341396
2nd International Conference on Literature, Linguistics, and Translation;Tafila;02;3;2019;04;3;2019;-50.045300669573294;34.62137733116826;https://linguistlist.org/callconf/browse-conf-action.cfm?ConfID=349436
2nd North American Conference in Iranian Linguistics;Tucson, Arizona;19;3;2019;21;3;2019;-0.182176886093149;50.32556816416688;https://linguistlist.org/callconf/browse-conf-action.cfm?ConfID=333196
2nd Symposium on Linguistic Attitudes toward Spanish, Portuguese and Related Languages;Amherst, Massachusetts;12;3;2019;13;3;2019;-55.71460763790231;-111.5338611030522;https://linguistlist.org/callconf/browse-conf-action.cfm?ConfID=329796
33rd Annual Symposium on Arabic Linguistics;Toronto;05;3;2019;07;3;2019;23.81332120099971;-91.92344235943631;https://linguistlist.org/callconf/browse-conf-action.cfm?ConfID=333456
3rd International ESP Conference;Liverpool;26;3;2019;27;3;2019;-41.120175862645176;-77.68410320724175;https://linguistlist.org/callconf/browse-conf-action.cfm?ConfID=338176
3rd Swedish Translanguaging Conference;VÄXJÖ;11;3;2019;12;3;2019;85.45472110160593;-32.83865429046918;https://linguistlist.org/callconf/browse-conf-action.cfm?ConfID=340256
3rd Workshop on Formal Approaches to Russian Linguistics;Moscow;05;3;2019;06;3;2019;-36.016199331461415;-48.33028311449616;https://linguistlist.org/callconf/browse-conf-action.cfm?ConfID=356496
4th Annual Center for Languages and Intercultural Communication Conference;Houston, Texas;12;3;2019;14;3;2019;18.199646462228507;161.3777059510588;https://linguistlist.org/callconf/browse-conf-action.cfm?ConfID=343436
7th International Graduate Student Conference on Diverse Approaches to Linguistics;Jerusalem;08;3;2019;08;3;2019;-85.8517436610921;153.30364945015262;https://linguistlist.org/callconf/browse-conf-action.cfm?ConfID=335376
7th Novi Sad Workshop in Psycholinguistic, Neurolinguistic and Clinical Linguistic Research;Novi Sad;20;3;2019;20;3;2019;-46.279828027854904;-96.95054376052836;https://linguistlist.org/callconf/browse-conf-action.cfm?ConfID=354217
9th International Conference of the Undergraduate Linguistics Association of Britain;London;11;3;2019;13;3;2019;34.84517536114855;-58.643139208540596;https://linguistlist.org/callconf/browse-conf-action.cfm?ConfID=355736
Asymmetries of Knowledge;FU Berlin;15;3;2019;16;3;2019;43.633935223931;94.27962782649642;https://linguistlist.org/callconf/browse-conf-action.cfm?ConfID=352516
BALEAP 2019 Biennial Conference;Leeds;12;3;2019;14;3;2019;-48.79030612101428;117.5380089370178;https://linguistlist.org/callconf/browse-conf-action.cfm?ConfID=334016
COACT Conference 2019: Interaction and discourse in flux: Changing landscapes of everyday life;Oulu;24;3;2019;26;3;2019;-43.64569659530548;114.00666784397379;https://linguistlist.org/callconf/browse-conf-action.cfm?ConfID=324376
"Contacts &amp; Contrasts 2019: Cultural Conceptualizations in Language, Literature, and Translation";Konin;01;3;2019;03;3;2019;-71.87844296417748;25.056814467900292;https://linguistlist.org/callconf/browse-conf-action.cfm?ConfID=344416
Culture and Cognition in Language 2;Rzeszow;25;3;2019;26;3;2019;-28.74634709558332;-90.77550093144899;https://linguistlist.org/callconf/browse-conf-action.cfm?ConfID=346396
Doing Experiments with Theoretical Linguistics;Amsterdam;09;3;2019;09;3;2019;-79.46152970617935;-51.172120680030396;https://linguistlist.org/callconf/browse-conf-action.cfm?ConfID=351516
El plano fónico del español. Sección monográfica de las VIII Jornadas Internacionales de Lingüística Hispánica;Lisboa;01;3;2019;03;3;2019;13.571101513803075;70.15643003192272;https://linguistlist.org/callconf/browse-conf-action.cfm?ConfID=355796
EMI Practices in Europe;Copenhagen;04;3;2019;05;3;2019;88.92779130685204;116.50894805533076;https://linguistlist.org/callconf/browse-conf-action.cfm?ConfID=329056
English Historical Lexicography in the Digital Age: Focus on Social and Geographical Variation;Bergamo;11;3;2019;13;3;2019;-9.994038377426925;-67.55049142788904;https://linguistlist.org/callconf/browse-conf-action.cfm?ConfID=336456
Eurolinguistics Conference: Linguistic Aspects of the Past, Present and Future of Europe;Donauwörth;05;3;2019;07;3;2019;67.06877567999231;-140.98641629078065;https://linguistlist.org/callconf/browse-conf-action.cfm?ConfID=338216
General and Specialist Translation/ Interpretation: Theory, Methods, Practice;Kyiv;05;3;2019;05;3;2019;38.34265580135672;138.18707179132753;https://linguistlist.org/callconf/browse-conf-action.cfm?ConfID=350456
Heterotopic Junction Conference;Hong Kong;13;3;2019;13;3;2019;-14.00211819236006;163.59480818805693;https://linguistlist.org/callconf/browse-conf-action.cfm?ConfID=353016
Historical Corpora and Variation;Cagliari;04;3;2019;05;3;2019;77.54258470913288;9.425639241810796;https://linguistlist.org/callconf/browse-conf-action.cfm?ConfID=345776
Humor Research Project Conference;Sosnowiec;04;3;2019;05;3;2019;-21.889769444340168;99.39352957027049;https://linguistlist.org/callconf/browse-conf-action.cfm?ConfID=356076
II Experimental Portuguese Linguistics Workshop;Toronto, Ontario;26;3;2019;27;3;2019;71.20251668360632;-17.925836723892278;https://linguistlist.org/callconf/browse-conf-action.cfm?ConfID=346536
iMean6 Interaction and Meaning;Wellington;15;3;2019;17;3;2019;24.76408252118799;93.36766062874287;https://linguistlist.org/callconf/browse-conf-action.cfm?ConfID=334956
International Conference of Department of English Language and Literature;Lahore/Punjab;06;3;2019;07;3;2019;23.05124885838215;-62.12711232198741;https://linguistlist.org/callconf/browse-conf-action.cfm?ConfID=354336
International Language Teacher Education Conference;Antalya;08;3;2019;10;3;2019;-61.69475847932597;55.58424581554683;https://linguistlist.org/callconf/browse-conf-action.cfm?ConfID=352216
International Workshop on the L1 and L2 Acquisition of Information Structure;Leuven;25;3;2019;26;3;2019;-72.9306297615126;125.8268985390283;https://linguistlist.org/callconf/browse-conf-action.cfm?ConfID=355076
Language and Culture in the Era of Scientific Knowledge and Professional Education Integration;Pyatigorsk/Stavropol Region;11;3;2019;12;3;2019;-61.39183587591909;-72.871213481997;https://linguistlist.org/callconf/browse-conf-action.cfm?ConfID=355436
"Language Education &amp; Acquisition Research Conference 2019 Focusing Early Language Acquisition";Eichstätt;11;3;2019;13;3;2019;-12.173777554181797;89.50021728469974;https://linguistlist.org/callconf/browse-conf-action.cfm?ConfID=341296
Language, Literature, Context 2019;Niš;12;3;2019;13;3;2019;-61.358708345842714;145.77326684351482;https://linguistlist.org/callconf/browse-conf-action.cfm?ConfID=347976
La syntaxe des adverbes du français : Aspects catégoriel et fonctionnel;Olomouc;18;3;2019;19;3;2019;-31.896710332311628;-55.15951004355617;https://linguistlist.org/callconf/browse-conf-action.cfm?ConfID=352916
Linguistic Forum 2019: Indigenous Languages of Russia and Beyond;Moscow;04;3;2019;06;3;2019;-27.059983872756426;150.73001688091193;https://linguistlist.org/callconf/browse-conf-action.cfm?ConfID=349316
Linguistics in the Gulf 6;Doha;01;3;2019;02;3;2019;-42.75057528133006;-86.86806426245346;https://linguistlist.org/callconf/browse-conf-action.cfm?ConfID=343596
Linguistics Prague 2019;Prague;25;3;2019;27;3;2019;-84.53819267661696;-102.27470680802702;https://linguistlist.org/callconf/browse-conf-action.cfm?ConfID=354376
Linking Interdisciplinary Perspectives on Cultural, Professional and Scientific Capacity Building;Rīga;11;3;2019;12;3;2019;-23.7605120660384;-146.92943516539364;https://linguistlist.org/callconf/browse-conf-action.cfm?ConfID=346556
Literature Today and Tomorrow;Tunis;19;3;2019;20;3;2019;45.30141882697495;-38.623835434659064;https://linguistlist.org/callconf/browse-conf-action.cfm?ConfID=345856
Lund Symposium on Cognition, Communication and Learning;Lund;24;3;2019;26;3;2019;-24.622366475673452;74.49724410525064;https://linguistlist.org/callconf/browse-conf-action.cfm?ConfID=340676
MariCorners 2019 LGTBIQ+ Communication and Spaces: I International Conference on LGTBIQ aspects and language;Madrid;10;3;2019;12;3;2019;-12.032522815927203;82.21599991574956;https://linguistlist.org/callconf/browse-conf-action.cfm?ConfID=331736
Meaning and Indexicality across Subfields and Theories;Paris;12;3;2019;13;3;2019;30.813820765043083;63.144991019875945;https://linguistlist.org/callconf/browse-conf-action.cfm?ConfID=351976
Minnesota Undergraduate Linguistics Symposium 2019;Minneapolis, MN;13;3;2019;13;3;2019;-20.36600169433316;54.438847757858106;https://linguistlist.org/callconf/browse-conf-action.cfm?ConfID=355636
Modern Developments in Linguistics and Language Teaching: The Problem of Method;Penza;24;3;2019;26;3;2019;50.25706309851794;121.66122704601295;https://linguistlist.org/callconf/browse-conf-action.cfm?ConfID=352316
Multilingualism, Diversity and Democracy Conference 2019;Jönköping;08;3;2019;10;3;2019;16.573890283287646;-45.61797543607392;https://linguistlist.org/callconf/browse-conf-action.cfm?ConfID=356836
Neuroscience of Language in Abu Dhabi;Abu Dhabi;22;3;2019;23;3;2019;3.9043272290902857;-100.433761590138;https://linguistlist.org/callconf/browse-conf-action.cfm?ConfID=334216
Noun Categorization: From Grammar to Communicative Interaction;Lyon;18;3;2019;19;3;2019;31.637761702313274;-55.41323766008304;https://linguistlist.org/callconf/browse-conf-action.cfm?ConfID=349276
"Popular Culture Association &amp; American Culture Association 2019 Joint National Conference: Language Attitudes &amp; Popular Linguistics Area";Washington, D.C.;17;3;2019;20;3;2019;59.443978453729386;-40.446012366774056;https://linguistlist.org/callconf/browse-conf-action.cfm?ConfID=340636
Princeton Phonology Forum;Princeton, NJ;05;3;2019;06;3;2019;33.90468032144933;23.510357190422013;https://linguistlist.org/callconf/browse-conf-action.cfm?ConfID=353916
Princeton Symposium on Syntactic Theory 2019;Princeton, NJ;05;3;2019;06;3;2019;43.284252301252046;-7.350640157061082;https://linguistlist.org/callconf/browse-conf-action.cfm?ConfID=351596
Querencias II Conference on Hispanic and Portuguese Literatures, Cultural Studies, and Linguistics;Albuquerque, New Mexico;12;3;2019;13;3;2019;-16.14283306163594;115.70030074251154;https://linguistlist.org/callconf/browse-conf-action.cfm?ConfID=344356
Seniors, Foreign Caregivers, Families, Institutions: Linguistic and Multidisciplinary Perspectives;Varese;09;3;2019;10;3;2019;-83.53000832548501;78.24545046582566;https://linguistlist.org/callconf/browse-conf-action.cfm?ConfID=355476
Sluicing and Ellipsis at 50;Chicago, IL;12;3;2019;13;3;2019;-32.58963868079416;114.38534433615911;https://linguistlist.org/callconf/browse-conf-action.cfm?ConfID=339636
Symposium for American Indian Languages - SAIL;Tucson, AZ;12;3;2019;13;3;2019;-1.4651127155284558;166.96506924202885;https://linguistlist.org/callconf/browse-conf-action.cfm?ConfID=356136
The North American Research Network in Historical Sociolinguistics at KFLC: The Languages, Literatures, and Cultures Conference;Lexington, Kentucky;11;3;2019;13;3;2019;-35.495651352321715;43.64041045572242;https://linguistlist.org/callconf/browse-conf-action.cfm?ConfID=348396
The Scarlet Letters: Taboos of Language and Literature in the Contemporary Age;Padova;09;3;2019;10;3;2019;-6.630888983291856;-35.42145504374234;https://linguistlist.org/callconf/browse-conf-action.cfm?ConfID=336756
Typology of Small-scale Multilingualism;Lyon;15;3;2019;17;3;2019;26.008860267060285;-178.21427688480665;https://linguistlist.org/callconf/browse-conf-action.cfm?ConfID=348576
UNC Linguistics Spring Colloquium 2019;Chapel Hill, NC;06;3;2019;06;3;2019;65.66238863670917;132.64415782306202;https://linguistlist.org/callconf/browse-conf-action.cfm?ConfID=350656
Uniting Gender Research;Tromsø;04;3;2019;05;3;2019;49.68261989401872;-177.57173609815533;https://linguistlist.org/callconf/browse-conf-action.cfm?ConfID=355676
University of Hawaii at Hilo Humanities International Conference;Hilo, Hawaii;26;3;2019;27;3;2019;-78.31343971911926;11.593308090937551;https://linguistlist.org/callconf/browse-conf-action.cfm?ConfID=348816
VIII International Conference on Hispanic Linguistics;Lisbon;01;3;2019;03;3;2019;-18.280739991591325;-62.871535773994346;https://linguistlist.org/callconf/browse-conf-action.cfm?ConfID=352056
Voyage au Québec : auto et hétéro-représentations;Genova;11;3;2019;12;3;2019;-84.1962016736593;110.83876264175487;https://linguistlist.org/callconf/browse-conf-action.cfm?ConfID=346076
Wissenschaftliche Tagung der Germanistikstudierenden;Vilnius;26;3;2019;26;3;2019;77.57163512964247;9.2915530479546;https://linguistlist.org/callconf/browse-conf-action.cfm?ConfID=356396
Words as a Battlefield: Persuasion in Contemporary Political and Media Discourse;Maribor;05;3;2019;06;3;2019;1.5780823072396126;-74.78936826546882;https://linguistlist.org/callconf/browse-conf-action.cfm?ConfID=354316
Workshop on Arabic and Language Analysis in Asylum Procedures;London;09;3;2019;09;3;2019;-72.72273199093408;-172.9427221909419;https://linguistlist.org/callconf/browse-conf-action.cfm?ConfID=352297
Workshop on Complex Predicates in the Iranian Languages;Tucson, AZ;18;3;2019;18;3;2019;36.91823469523988;154.68012020082065;https://linguistlist.org/callconf/browse-conf-action.cfm?ConfID=350676
"XIII International Conference on Foreign Languages, Communication and Culture (WEFLA) &amp; XIII International Seminar on Canadian Studies (Secan)";Holguin;24;3;2019;26;3;2019;-67.26789514483454;25.34949542864394;https://linguistlist.org/callconf/browse-conf-action.cfm?ConfID=344836
13th International Conference on Computational Semantics;Gothenburg;23;4;2019;27;4;2019;29.178443541196355;120.76209880453338;https://linguistlist.org/callconf/browse-conf-action.cfm?ConfID=347396
14th Nilo-Saharan Linguistics Conference;Vienna;29;4;2019;01;5;2019;48.69528138651167;-17.900622034971388;https://linguistlist.org/callconf/browse-conf-action.cfm?ConfID=338257
16th EALTA Conference ''Transitions in Language Assessment'';Dublin;31;4;2019;02;5;2019;85.71650687472179;-64.60969473069467;https://linguistlist.org/callconf/browse-conf-action.cfm?ConfID=348156
17th Conference on British and American Studies;Brasov;10;4;2019;11;4;2019;35.893624977791895;26.705678465412312;https://linguistlist.org/callconf/browse-conf-action.cfm?ConfID=352496
