name;city;start_day;start_month;start_year;end_day;end_month;end_year;link
15th Annual Conference of the Italian Association for Cognitive Sciences;Pavia;17;11;2018;19;11;2018;https://linguistlist.org/callconf/browse-conf-action.cfm?ConfID=333537
2018 Seminar on Linguistic Typology and the Expressions of Motion Events in Languages in China;Changshu;21;11;2018;23;11;2018;https://linguistlist.org/callconf/browse-conf-action.cfm?ConfID=313096
8th International Conference on Academic Studies in Human Educational and Social Sciences;Tirana, ALBANIA;14;11;2018;15;11;2018;https://linguistlist.org/callconf/browse-conf-action.cfm?ConfID=343816
Linguistic Issues in Vietnam and Southeast Asia;Ho Chi Minh City;21;11;2018;22;11;2018;https://linguistlist.org/callconf/browse-conf-action.cfm?ConfID=328276
Semantics and Philosophy in Europe 10;Barcelona, Catalonia;17;11;2018;19;11;2018;https://linguistlist.org/callconf/browse-conf-action.cfm?ConfID=335296
16th Old World Conference on Phonology;Verona;16;0;2019;18;0;2019;https://linguistlist.org/callconf/browse-conf-action.cfm?ConfID=329116
2019 MLA Convention Session: Pathways to Paradigm Change: Critical Examinations of Prevailing Discourses and Ideologies in Second Language Education;Chicago/Illinois;03;0;2019;06;0;2019;https://linguistlist.org/callconf/browse-conf-action.cfm?ConfID=320097
3rd International Conference on Teaching Grammar;Barcelona;23;0;2019;25;0;2019;https://linguistlist.org/callconf/browse-conf-action.cfm?ConfID=308676
4th Variation and Language Processing;Sydney, NSW;23;0;2019;25;0;2019;https://linguistlist.org/callconf/browse-conf-action.cfm?ConfID=324236
6th Workshop on Portuguese as a Second Language - Acquisition and Teaching;Lisbon;18;0;2019;19;0;2019;https://linguistlist.org/callconf/browse-conf-action.cfm?ConfID=338716
"AAAI Workshop on Affective Content Analysis &amp; Happiness Shared Task: Modeling Affect-in-Action";Honolulu, Hawaii;27;0;2019;28;0;2019;https://linguistlist.org/callconf/browse-conf-action.cfm?ConfID=347617
American Dialect Society Annual Meeting;New York, NY;03;0;2019;06;0;2019;https://linguistlist.org/callconf/browse-conf-action.cfm?ConfID=325896
American Name Society;New York, NY;03;0;2019;06;0;2019;https://linguistlist.org/callconf/browse-conf-action.cfm?ConfID=336816
Bilingualism in the Hispanic and Lusophone World;Leiden;09;0;2019;11;0;2019;https://linguistlist.org/callconf/browse-conf-action.cfm?ConfID=334816
CLIN 29: Computational Linguistics in The Netherlands;Groningen;31;0;2019;31;0;2019;https://linguistlist.org/callconf/browse-conf-action.cfm?ConfID=345656
Community-based Language Research across the Americas;New York, NY;02;0;2019;03;0;2019;https://linguistlist.org/callconf/browse-conf-action.cfm?ConfID=336996
Computer-Assisted Literary Translation workshop;Swansea;25;0;2019;26;0;2019;https://linguistlist.org/callconf/browse-conf-action.cfm?ConfID=352796
Conference On Asian Linguistic Anthropology 1;Siem Reap;23;0;2019;26;0;2019;https://linguistlist.org/callconf/browse-conf-action.cfm?ConfID=301076
Experimental Approaches to Cross-linguistic Variation in Island Phenomena;New York, New York;03;0;2019;07;0;2019;https://linguistlist.org/callconf/browse-conf-action.cfm?ConfID=326676
Fifth International Workshop for Computational Linguistics of Uralic Languages;Tartu;07;0;2019;08;0;2019;https://linguistlist.org/callconf/browse-conf-action.cfm?ConfID=338496
Fifth National Language Conference;Cuttack, Odisha,;19;0;2019;21;0;2019;https://linguistlist.org/callconf/browse-conf-action.cfm?ConfID=349456
First(!) Annual Meeting of the North American Research Network in Historical Sociolinguistics;New York City;05;0;2019;05;0;2019;https://linguistlist.org/callconf/browse-conf-action.cfm?ConfID=332436
Fremdsprachenlehrwerke in der Frühen Neuzeit: Perspektiven – Potentiale – Herausforderungen;Berlin;21;0;2019;22;0;2019;https://linguistlist.org/callconf/browse-conf-action.cfm?ConfID=331036
Hybrid/Paradoxal Representations of Gender and Sexuality;Siem Reap;23;0;2019;26;0;2019;https://linguistlist.org/callconf/browse-conf-action.cfm?ConfID=338356
Interdisciplinary Conference on the Prehistory of Transeurasian Millets and Beans, Languages and Genes;Jena, Thuringia;08;0;2019;11;0;2019;https://linguistlist.org/callconf/browse-conf-action.cfm?ConfID=342896
International Perspectives on Assessing World Languages;Cairo;30;0;2019;31;0;2019;https://linguistlist.org/callconf/browse-conf-action.cfm?ConfID=346976
JALT Hokkaido Winter Language Teaching Conference;Sapporo, Hokkaido;26;0;2019;27;0;2019;https://linguistlist.org/callconf/browse-conf-action.cfm?ConfID=340376
Language and Post-queer Sexuality in East Asia;Siem Reap;23;0;2019;26;0;2019;https://linguistlist.org/callconf/browse-conf-action.cfm?ConfID=338376
L'apprenant en langues et dans les métiers de la traduction : source d'interrogations et de perspectives / Language learners and learning in the language and translation professions: questions pending and future avenues to explore;Rennes;31;0;2019;02;1;2019;https://linguistlist.org/callconf/browse-conf-action.cfm?ConfID=325356
Las categorías gramaticales. Relaciones y diferencias, treinta años después;Madrid;30;0;2019;02;1;2019;https://linguistlist.org/callconf/browse-conf-action.cfm?ConfID=347916
L’épilinguistique et le métalinguistique en linguistique énonciative;Paris Est-Marne La Vallée;17;0;2019;18;0;2019;https://linguistlist.org/callconf/browse-conf-action.cfm?ConfID=335436
Linguistics and its Historical Forms of Organization and Production;Paris;24;0;2019;26;0;2019;https://linguistlist.org/callconf/browse-conf-action.cfm?ConfID=328316
Linguistic Society of America 93rd Annual Meeting;New York, NY;03;0;2019;06;0;2019;https://linguistlist.org/callconf/browse-conf-action.cfm?ConfID=329876
Modern Language Association: Selected Topics in Romance Linguistics;Chicago, IL;03;0;2019;06;0;2019;https://linguistlist.org/callconf/browse-conf-action.cfm?ConfID=317056
Particles in German, English and Beyond;Saarbrücken (Saarland University);21;0;2019;22;0;2019;https://linguistlist.org/callconf/browse-conf-action.cfm?ConfID=345396
Secrets of Success. Or: How to preserve a Verb Second word order?;Oslo;10;0;2019;11;0;2019;https://linguistlist.org/callconf/browse-conf-action.cfm?ConfID=345916
Society for Computation in Linguistics Second Meeting;New York, NY;03;0;2019;06;0;2019;https://linguistlist.org/callconf/browse-conf-action.cfm?ConfID=328816
Society for Pidgin and Creole Linguistics - Winter Conference 2019;New York;03;0;2019;06;0;2019;https://linguistlist.org/callconf/browse-conf-action.cfm?ConfID=334436
Spatial Patterns of Language Evolution;Zurich;24;0;2019;24;0;2019;https://linguistlist.org/callconf/browse-conf-action.cfm?ConfID=341176
Teaching General Linguistics Classes - LSA Special Session;New York, NY;03;0;2019;06;0;2019;https://linguistlist.org/callconf/browse-conf-action.cfm?ConfID=327696
The 9th International Conference on Han Characters Education and Research;Ho Chi Minh City University of Education, Vietnam;19;0;2019;21;0;2019;https://linguistlist.org/callconf/browse-conf-action.cfm?ConfID=340396
The Society for the Study of Indigenous Languages of the Americas Winter Meeting 2019;New York City, NY;03;0;2019;06;0;2019;https://linguistlist.org/callconf/browse-conf-action.cfm?ConfID=322916
Workshop: Multilingualism, Contact and Documenting Endangered Languages;New York, New York;06;0;2019;06;0;2019;https://linguistlist.org/callconf/browse-conf-action.cfm?ConfID=338196
11th International Conference on Middle English;Florence;05;1;2019;08;1;2019;https://linguistlist.org/callconf/browse-conf-action.cfm?ConfID=315817
18th SLAT Interdisciplinary Roundtable;Tucson;08;1;2019;09;1;2019;https://linguistlist.org/callconf/browse-conf-action.cfm?ConfID=352076
1st FARMM Challenge Formal Approaches to Romance Microvariation and Microcontact;Barcelona;15;1;2019;15;1;2019;https://linguistlist.org/callconf/browse-conf-action.cfm?ConfID=342436
29th Annual Graduate and Professional Symposium on Hispanic and Luso-Brazilian Literature, Language and Culture:;Tucson, AZ;22;1;2019;23;1;2019;https://linguistlist.org/callconf/browse-conf-action.cfm?ConfID=356476
2nd International Cyprus Undergraduate Linguistics Conference;Nicosia;16;1;2019;17;1;2019;https://linguistlist.org/callconf/browse-conf-action.cfm?ConfID=345436
3rd Workshop on the Use of Computational Methods in the Study of Endangered Languages;Honolulu, Hawai'i;26;1;2019;27;1;2019;https://linguistlist.org/callconf/browse-conf-action.cfm?ConfID=334236
40th Annual Southwest Popular/American Culture Association;Albuquerque, NM;20;1;2019;23;1;2019;https://linguistlist.org/callconf/browse-conf-action.cfm?ConfID=342856
45th Incontro di Grammatica Generativa;Padova;21;1;2019;23;1;2019;https://linguistlist.org/callconf/browse-conf-action.cfm?ConfID=347536
4th International Conference ‘From Theory to Practice in Language for Specific Purposes’;Zagreb;21;1;2019;23;1;2019;https://linguistlist.org/callconf/browse-conf-action.cfm?ConfID=335616
4th Intonation Workshop;Toronto, ON;15;1;2019;15;1;2019;https://linguistlist.org/callconf/browse-conf-action.cfm?ConfID=348016
4th Workshop on Turkic and Languages in Contact with Turkic;New York, New York;16;1;2019;17;1;2019;https://linguistlist.org/callconf/browse-conf-action.cfm?ConfID=340417
5th International Conference on the Teaching of French;San Juan;28;1;2019;02;2;2019;https://linguistlist.org/callconf/browse-conf-action.cfm?ConfID=330116
6th National Symposium on Spanish as a Heritage Language;McAllen, Texas;21;1;2019;23;1;2019;https://linguistlist.org/callconf/browse-conf-action.cfm?ConfID=329896
7th International Conference on Endangered and Lesser Known Languages;kolkata;20;1;2019;23;1;2019;https://linguistlist.org/callconf/browse-conf-action.cfm?ConfID=329977
AISV Conference 2019: Audio Archives at the Crossroads of Speech Sciences, Digital Humanities and Digital Heritage;Arezzo;14;1;2019;16;1;2019;https://linguistlist.org/callconf/browse-conf-action.cfm?ConfID=338396
AItLA 2019: Minority Languages Between Localism and Globalization;Cagliari;21;1;2019;23;1;2019;https://linguistlist.org/callconf/browse-conf-action.cfm?ConfID=335976
American Association for the Advancement of Science;Washington DC;14;1;2019;17;1;2019;https://linguistlist.org/callconf/browse-conf-action.cfm?ConfID=347176
Applied Winter Linguistics Conference 2019 (ALWC);Binghamton, New York;09;1;2019;09;1;2019;https://linguistlist.org/callconf/browse-conf-action.cfm?ConfID=345456
Australian Humour Studies Network conference;Melbourne, Victoria;06;1;2019;08;1;2019;https://linguistlist.org/callconf/browse-conf-action.cfm?ConfID=326337
BLS Workshop: Countability Distinctions;Berkeley, CA;08;1;2019;09;1;2019;https://linguistlist.org/callconf/browse-conf-action.cfm?ConfID=350476
ConSOLE XVII 2019;Berlin;21;1;2019;23;1;2019;https://linguistlist.org/callconf/browse-conf-action.cfm?ConfID=332316
Corpora for Language and Aging Research 4: Interaction, Methods, and Positions;Helsinki;27;1;2019;01;2;2019;https://linguistlist.org/callconf/browse-conf-action.cfm?ConfID=332216
Crossing the Border between Spanish and English: Current issues, future perspectives, linguistic and literary insights;Ghent;05;1;2019;06;1;2019;https://linguistlist.org/callconf/browse-conf-action.cfm?ConfID=331716
Explanation and Prediction in Linguistics. Formalist and Functionalist Approaches;Heidelberg, Baden-Württemberg;13;1;2019;14;1;2019;https://linguistlist.org/callconf/browse-conf-action.cfm?ConfID=352716
First Conference of Indonesian Community for Forensic Linguistics;Pekanbaru, Riau Province;09;1;2019;09;1;2019;https://linguistlist.org/callconf/browse-conf-action.cfm?ConfID=355396
Giornate di Studi Scientifici sul Linguaggio II - 2019;Rovereto (TN);11;1;2019;12;1;2019;https://linguistlist.org/callconf/browse-conf-action.cfm?ConfID=354716
Integration of Universities into International Academic Community: Tradition and Modern Tendencies;Ulyanovsk;14;1;2019;16;1;2019;https://linguistlist.org/callconf/browse-conf-action.cfm?ConfID=341576
International Conference on Hindi as a Second / Foreign Language;Lisbon;06;1;2019;08;1;2019;https://linguistlist.org/callconf/browse-conf-action.cfm?ConfID=323776
International Conference on Indigenous Languages, Societies and Cultures of India;Hyderabad, Telangana;21;1;2019;22;1;2019;https://linguistlist.org/callconf/browse-conf-action.cfm?ConfID=343796
"International Conference on Language Documentation &amp; Conservation";Honolulu, Hawaiʻi;28;1;2019;03;2;2019;https://linguistlist.org/callconf/browse-conf-action.cfm?ConfID=327796
International Conference on Pluricentricity vs. Pluriareality - Models, Varieties, Approaches;Münster;08;1;2019;10;1;2019;https://linguistlist.org/callconf/browse-conf-action.cfm?ConfID=344116
International Mother Language Conference;Kitui County;20;1;2019;22;1;2019;https://linguistlist.org/callconf/browse-conf-action.cfm?ConfID=355036
Language, Identity and Education in Multilingual Contexts;York;14;1;2019;16;1;2019;https://linguistlist.org/callconf/browse-conf-action.cfm?ConfID=337856
Mobile Language Learning Experience;New York, NY;21;1;2019;22;1;2019;https://linguistlist.org/callconf/browse-conf-action.cfm?ConfID=331856
Multimodale Kommunikation in den Hypermedien - Herausforderungen für die Deutschdidaktik;Bochum;06;1;2019;08;1;2019;https://linguistlist.org/callconf/browse-conf-action.cfm?ConfID=334676
National Conference on New Trends in Applied Linguistics and Translation Studies;Baharestan, Isfahan;21;1;2019;21;1;2019;https://linguistlist.org/callconf/browse-conf-action.cfm?ConfID=335236
Natural Language Processing in Artificial Intelligence 2019;Prague;19;1;2019;21;1;2019;https://linguistlist.org/callconf/browse-conf-action.cfm?ConfID=346376
Spanish Linguistics in North Carolina 2019;Chapel Hill, NC;09;1;2019;09;1;2019;https://linguistlist.org/callconf/browse-conf-action.cfm?ConfID=341716
Specialised Discourse and Multimedia: Linguistic features and translation issues;Lecce;14;1;2019;16;1;2019;https://linguistlist.org/callconf/browse-conf-action.cfm?ConfID=324217
Task-based Teaching and the Place of Grammar in Secondary-School Foreign-Language Classes : Finding a Common Ground;Paris Nanterre;08;1;2019;09;1;2019;https://linguistlist.org/callconf/browse-conf-action.cfm?ConfID=325096
Texas Linguistics Society;Austin, Texas;22;1;2019;24;1;2019;https://linguistlist.org/callconf/browse-conf-action.cfm?ConfID=344736
The University of Alabama Languages Conference;Tuscaloosa, AL;08;1;2019;09;1;2019;https://linguistlist.org/callconf/browse-conf-action.cfm?ConfID=343616
Time and Temporality in the Asian and European Modernity;Hyderabad, South India;15;1;2019;17;1;2019;https://linguistlist.org/callconf/browse-conf-action.cfm?ConfID=325776
Transdisciplinary Approaches to Language Variation 2;Limassol;15;1;2019;16;1;2019;https://linguistlist.org/callconf/browse-conf-action.cfm?ConfID=345496
Workshop in Cognitive Approaches in Language Learning and Bilingualism;University of Gothenburg;07;1;2019;08;1;2019;https://linguistlist.org/callconf/browse-conf-action.cfm?ConfID=317076
XXXIX International VAKKI Symposium;Vaasa;07;1;2019;08;1;2019;https://linguistlist.org/callconf/browse-conf-action.cfm?ConfID=332516
12th Toronto Undergraduate Linguistics Conference;Toronto;08;2;2019;10;2;2019;https://linguistlist.org/callconf/browse-conf-action.cfm?ConfID=355356
16th Workshop in General Linguistics;Madison, WI;30;2;2019;31;2;2019;https://linguistlist.org/callconf/browse-conf-action.cfm?ConfID=352936
20th Szklarska Poręba Workshop on the Roots of Pragmasemantics;Szklarska Poręba;01;2;2019;04;2;2019;https://linguistlist.org/callconf/browse-conf-action.cfm?ConfID=353976
22nd Annual Ohio State University Congress on Hispanic and Lusophone Linguistics;Columbus, Ohio;29;2;2019;30;2;2019;https://linguistlist.org/callconf/browse-conf-action.cfm?ConfID=351716
25th Annual University of Texas Arlington Students Conference of Linguistics and TESOL;Arlington, TX;01;2;2019;02;2;2019;https://linguistlist.org/callconf/browse-conf-action.cfm?ConfID=353516
2nd International Conference on Bilingualism;University of Malta Valletta Campus;25;2;2019;27;2;2019;https://linguistlist.org/callconf/browse-conf-action.cfm?ConfID=325456
2nd International Conference on Theoretical East Asian Psycholinguistics;Tsinghua University, Beijing;16;2;2019;17;2;2019;https://linguistlist.org/callconf/browse-conf-action.cfm?ConfID=345556
"2nd Modern Linguistics &amp; Language Didactics Conference - Focus: Grammaticality Judgments &amp; Language Awareness";Bochum, NRW;28;2;2019;29;2;2019;https://linguistlist.org/callconf/browse-conf-action.cfm?ConfID=332376
32nd CUNY Conference on Human Sentence Processing;Boulder, Colorado;29;2;2019;31;2;2019;https://linguistlist.org/callconf/browse-conf-action.cfm?ConfID=349576
41st Annual Meeting of the Deutsche Gesellschaft für Sprachwissenschaft;Bremen;06;2;2019;08;2;2019;https://linguistlist.org/callconf/browse-conf-action.cfm?ConfID=331396
43rd Annual Penn Linguistics Conference;Philadelphia, PA;22;2;2019;24;2;2019;https://linguistlist.org/callconf/browse-conf-action.cfm?ConfID=347996
4th International Conference: The Magic of Innovation: Integrative Trends in Linguistics and Foreign Language Teaching;Moscow;22;2;2019;23;2;2019;https://linguistlist.org/callconf/browse-conf-action.cfm?ConfID=340616
50 Jahre Speech Acts – Bilanz und Perspektiven;Bremen;05;2;2019;05;2;2019;https://linguistlist.org/callconf/browse-conf-action.cfm?ConfID=331196
6th Scarborough Undergraduate Linguistics Conference;Toronto, Ontario;01;2;2019;01;2;2019;https://linguistlist.org/callconf/browse-conf-action.cfm?ConfID=356536
7th NTU Postgraduate Conference on Teaching Chinese as a Second Language;Taipei;23;2;2019;23;2;2019;https://linguistlist.org/callconf/browse-conf-action.cfm?ConfID=336676
8th Annual Hispanic and Luso-Brazilian Linguistics Conference;Tempe, Arizona;29;2;2019;30;2;2019;https://linguistlist.org/callconf/browse-conf-action.cfm?ConfID=354776
AESLA International Conference – University of Valladolid (Spain): Bilingualism and Languages in Contact;Valladolid;27;2;2019;29;2;2019;https://linguistlist.org/callconf/browse-conf-action.cfm?ConfID=335736
Apollonius and Priscian Colloquium Transmission, Translation, Tradition: History of Reception;Bordeaux;21;2;2019;23;2;2019;https://linguistlist.org/callconf/browse-conf-action.cfm?ConfID=330496
Applied Linguistics and Language Teaching International Conference and Exhibition 2019;Dubai;07;2;2019;09;2;2019;https://linguistlist.org/callconf/browse-conf-action.cfm?ConfID=353356
BAAL TEA SIG Conference 2019;London;29;2;2019;29;2;2019;https://linguistlist.org/callconf/browse-conf-action.cfm?ConfID=343356
Chinese Culture in the Global Context International Conference 2019;Hong Kong;13;2;2019;15;2;2019;https://linguistlist.org/callconf/browse-conf-action.cfm?ConfID=342556
Colloque Diachro IX Le français en diachronie;Salamanca;28;2;2019;30;2;2019;https://linguistlist.org/callconf/browse-conf-action.cfm?ConfID=335096
Construcciones en español: contacto, variación y cambio;Berlin;27;2;2019;31;2;2019;https://linguistlist.org/callconf/browse-conf-action.cfm?ConfID=322516
Current Trends in Linguistics 2019;Hamburg;28;2;2019;29;2;2019;https://linguistlist.org/callconf/browse-conf-action.cfm?ConfID=340216
Descriptive Grammars and Typology: The Challenges of Writing Grammars of Underdescribed and Endangered Languages;Helsinki;27;2;2019;29;2;2019;https://linguistlist.org/callconf/browse-conf-action.cfm?ConfID=330796
Digital Approaches to Teaching Historical Languages;Berlin;28;2;2019;29;2;2019;https://linguistlist.org/callconf/browse-conf-action.cfm?ConfID=349636
Diversity of Writing Systems: Embracing Multiple Perspectives. Association of Written Language and Literacy's 12th International Workshop;Cambridge;26;2;2019;28;2;2019;https://linguistlist.org/callconf/browse-conf-action.cfm?ConfID=329336
Dominanz Macht Sprache;Cluj-Napoca;11;2;2019;12;2;2019;https://linguistlist.org/callconf/browse-conf-action.cfm?ConfID=333016
Educating the Global Citizen – International Perspectives on Foreign Language Teaching in the Digital Age;Munich, Bavaria;25;2;2019;28;2;2019;https://linguistlist.org/callconf/browse-conf-action.cfm?ConfID=345756
Embodying Transitions Beings and Becomings;Madison, Wisconsin;06;2;2019;09;2;2019;https://linguistlist.org/callconf/browse-conf-action.cfm?ConfID=348296
English in Contact;Fukuoka;28;2;2019;29;2;2019;https://linguistlist.org/callconf/browse-conf-action.cfm?ConfID=342996
English Studies at the Interface of Disciplines: Research and Practice - 2019;Skopje;21;2;2019;23;2;2019;https://linguistlist.org/callconf/browse-conf-action.cfm?ConfID=332876
European Dialect Syntax (Edisyn) Workshop IX;Glasgow;22;2;2019;23;2;2019;https://linguistlist.org/callconf/browse-conf-action.cfm?ConfID=350777
Forging Linguistic Identities;Towson, Maryland;14;2;2019;16;2;2019;https://linguistlist.org/callconf/browse-conf-action.cfm?ConfID=329096
Formal Approaches to South Asian Languages;Portland, Oregon;16;2;2019;17;2;2019;https://linguistlist.org/callconf/browse-conf-action.cfm?ConfID=351476
Generative Approaches to Second Language Acquisition 15;Reno, NV;22;2;2019;24;2;2019;https://linguistlist.org/callconf/browse-conf-action.cfm?ConfID=339656
Georgetown University Roundtable on Languages and Linguistics 2019;Washington, D.C.;29;2;2019;31;2;2019;https://linguistlist.org/callconf/browse-conf-action.cfm?ConfID=356096
Hradec Králové Anglophone Conference 2019;Hradec Králové;28;2;2019;29;2;2019;https://linguistlist.org/callconf/browse-conf-action.cfm?ConfID=348276
International Conference on Current Trends in Linguistics;Rouen;28;2;2019;29;2;2019;https://linguistlist.org/callconf/browse-conf-action.cfm?ConfID=327437
International Conference on Education Quality 2019;Agadir;13;2;2019;15;2;2019;https://linguistlist.org/callconf/browse-conf-action.cfm?ConfID=339736
International Conference on Multilingualism and Multilingual Education;Bielefeld;21;2;2019;23;2;2019;https://linguistlist.org/callconf/browse-conf-action.cfm?ConfID=343216
International Symposium on Linguistics, Cognition, and Culture;Belo Horizonte - MG;13;2;2019;15;2;2019;https://linguistlist.org/callconf/browse-conf-action.cfm?ConfID=339036
International Workshop on Degrees and Grammar: An East Asian Perspective;Nanjing, Jiangsu;16;2;2019;17;2;2019;https://linguistlist.org/callconf/browse-conf-action.cfm?ConfID=340757
IV International Conference of Applied Linguistics in English and Spanish;Perez Zeledon, San Jose;27;2;2019;29;2;2019;https://linguistlist.org/callconf/browse-conf-action.cfm?ConfID=334256
Jornadas de Formación de Profesores de Español en Hong Kong;Hong Kong;08;2;2019;09;2;2019;https://linguistlist.org/callconf/browse-conf-action.cfm?ConfID=354836
Language Change in English and Beyond: Linguistic Theory and Historical Corpora;Athens;14;2;2019;15;2;2019;https://linguistlist.org/callconf/browse-conf-action.cfm?ConfID=346496
Language Change in English and Beyond: Linguistic Theory and Historical Corpora;Athens;14;2;2019;15;2;2019;https://linguistlist.org/callconf/browse-conf-action.cfm?ConfID=346596
L’art des échanges culturels dans les littératures et les cultures de langue française;Victoria, BC;08;2;2019;09;2;2019;https://linguistlist.org/callconf/browse-conf-action.cfm?ConfID=354956
Le Français en Jeu;Amsterdam;22;2;2019;23;2;2019;https://linguistlist.org/callconf/browse-conf-action.cfm?ConfID=310616
Linguistic Investigations Beyond Language: Gestures, Body Movement and Primate Linguistics;Berlin;11;2;2019;12;2;2019;https://linguistlist.org/callconf/browse-conf-action.cfm?ConfID=346936
Linguistics and Asian Languages;Poznań;15;2;2019;16;2;2019;https://linguistlist.org/callconf/browse-conf-action.cfm?ConfID=347156
Local and Global: ‘Spanish(es),’ Identity and Space in US Cities;Washington, DC;21;2;2019;24;2;2019;https://linguistlist.org/callconf/browse-conf-action.cfm?ConfID=333956
Master Class with Artemis Alexiadou;Thessaloniki;19;2;2019;19;2;2019;https://linguistlist.org/callconf/browse-conf-action.cfm?ConfID=354496
New Methods and Trends in (Basque) Linguistics;Pamplona (Navarre);06;2;2019;07;2;2019;https://linguistlist.org/callconf/browse-conf-action.cfm?ConfID=342616
Norddeutsches Linguistisches Kolloquium;Osnabrueck;28;2;2019;29;2;2019;https://linguistlist.org/callconf/browse-conf-action.cfm?ConfID=355996
Nordic Research on Accent, Acceptability and Acquisition;Kiel;21;2;2019;22;2;2019;https://linguistlist.org/callconf/browse-conf-action.cfm?ConfID=346377
Nouns - between syntax and semantics;Paris;29;2;2019;30;2;2019;https://linguistlist.org/callconf/browse-conf-action.cfm?ConfID=352476
Philological Society Early Career Researcher Forum;Oxford;08;2;2019;09;2;2019;https://linguistlist.org/callconf/browse-conf-action.cfm?ConfID=342196
Phonological Theory Agora;Nice;15;2;2019;16;2;2019;https://linguistlist.org/callconf/browse-conf-action.cfm?ConfID=352896
Phraseology and Stylistics of Literary Language;Erlangen;13;2;2019;15;2;2019;https://linguistlist.org/callconf/browse-conf-action.cfm?ConfID=333336
Purdue Linguistics, Literature, and Second Language Studies Conference;West Lafayette, IN;01;2;2019;03;2;2019;https://linguistlist.org/callconf/browse-conf-action.cfm?ConfID=349936
Second Colloquium on Language Contact in Education: Multilingual Competences and Practices;Rabat;13;2;2019;14;2;2019;https://linguistlist.org/callconf/browse-conf-action.cfm?ConfID=347476
"Tabu: 6th Annual Graduate Conference of the Department of Spanish &amp; Portuguese - University of Minnesota";Minneapolis, MN;29;2;2019;30;2;2019;https://linguistlist.org/callconf/browse-conf-action.cfm?ConfID=354576
The Creative Power of Metaphor;Oxford;29;2;2019;30;2;2019;https://linguistlist.org/callconf/browse-conf-action.cfm?ConfID=336697
The Evolution of Language: Bridging the Natural and Cognitive Sciences;Zurich;04;2;2019;05;2;2019;https://linguistlist.org/callconf/browse-conf-action.cfm?ConfID=351776
The Meaning of Numerals: Cognitive, Experimental, and Semantic Perspectives;ZAS, Berlin;27;2;2019;28;2;2019;https://linguistlist.org/callconf/browse-conf-action.cfm?ConfID=349236
Third Symposium on Amazonian Languages;Berkeley, CA;16;2;2019;17;2;2019;https://linguistlist.org/callconf/browse-conf-action.cfm?ConfID=356456
Translation and Identity - 10th Annual Graduate Student Conference in Translation Studies;Toronto, Ontario;02;2;2019;02;2;2019;https://linguistlist.org/callconf/browse-conf-action.cfm?ConfID=351456
Translation and Language: Comparative Studies;Kyiv;27;2;2019;28;2;2019;https://linguistlist.org/callconf/browse-conf-action.cfm?ConfID=352296
VIII Annual Undergraduate Conference on Latin American and Iberian Studies;Cleveland, Tennessee;23;2;2019;23;2;2019;https://linguistlist.org/callconf/browse-conf-action.cfm?ConfID=351996
Western Interdisciplinary Student Symposium on Language Research;London, Ontario;15;2;2019;15;2;2019;https://linguistlist.org/callconf/browse-conf-action.cfm?ConfID=351576
Whither Reanalysis;Berlin;01;2;2019;02;2;2019;https://linguistlist.org/callconf/browse-conf-action.cfm?ConfID=336896
Workshop on Linguistic Minorities in Asia;Hong Kong;22;2;2019;23;2;2019;https://linguistlist.org/callconf/browse-conf-action.cfm?ConfID=337396
Workshop: “Twin Talks: Understanding Collaboration in DH”;Copenhagen;05;2;2019;05;2;2019;https://linguistlist.org/callconf/browse-conf-action.cfm?ConfID=355677
XV Foro de profesores de E/LE: las destrezas orales;Valencia;01;2;2019;02;2;2019;https://linguistlist.org/callconf/browse-conf-action.cfm?ConfID=356877
XXII. Deutscher Hispanistentag „Constellations, networks and transformations“;Berlin;27;2;2019;31;2;2019;https://linguistlist.org/callconf/browse-conf-action.cfm?ConfID=320076
11th Annual Meeting of the Illinois Language and Linguistics Society;Urbana-Champaign, Illinois;26;3;2019;28;3;2019;https://linguistlist.org/callconf/browse-conf-action.cfm?ConfID=341516
11th International Conference on Professional Communication and Translation Studies;Timisoara;04;3;2019;05;3;2019;https://linguistlist.org/callconf/browse-conf-action.cfm?ConfID=349556
27th Spanish in the US and 12th Spanish in Contact with Other Languages;Cleveland;04;3;2019;06;3;2019;https://linguistlist.org/callconf/browse-conf-action.cfm?ConfID=341396
2nd International Conference on Literature, Linguistics, and Translation;Tafila;02;3;2019;04;3;2019;https://linguistlist.org/callconf/browse-conf-action.cfm?ConfID=349436
2nd North American Conference in Iranian Linguistics;Tucson, Arizona;19;3;2019;21;3;2019;https://linguistlist.org/callconf/browse-conf-action.cfm?ConfID=333196
2nd Symposium on Linguistic Attitudes toward Spanish, Portuguese and Related Languages;Amherst, Massachusetts;12;3;2019;13;3;2019;https://linguistlist.org/callconf/browse-conf-action.cfm?ConfID=329796
33rd Annual Symposium on Arabic Linguistics;Toronto;05;3;2019;07;3;2019;https://linguistlist.org/callconf/browse-conf-action.cfm?ConfID=333456
3rd International ESP Conference;Liverpool;26;3;2019;27;3;2019;https://linguistlist.org/callconf/browse-conf-action.cfm?ConfID=338176
3rd Swedish Translanguaging Conference;VÄXJÖ;11;3;2019;12;3;2019;https://linguistlist.org/callconf/browse-conf-action.cfm?ConfID=340256
3rd Workshop on Formal Approaches to Russian Linguistics;Moscow;05;3;2019;06;3;2019;https://linguistlist.org/callconf/browse-conf-action.cfm?ConfID=356496
4th Annual Center for Languages and Intercultural Communication Conference;Houston, Texas;12;3;2019;14;3;2019;https://linguistlist.org/callconf/browse-conf-action.cfm?ConfID=343436
7th International Graduate Student Conference on Diverse Approaches to Linguistics;Jerusalem;08;3;2019;08;3;2019;https://linguistlist.org/callconf/browse-conf-action.cfm?ConfID=335376
7th Novi Sad Workshop in Psycholinguistic, Neurolinguistic and Clinical Linguistic Research;Novi Sad;20;3;2019;20;3;2019;https://linguistlist.org/callconf/browse-conf-action.cfm?ConfID=354217
9th International Conference of the Undergraduate Linguistics Association of Britain;London;11;3;2019;13;3;2019;https://linguistlist.org/callconf/browse-conf-action.cfm?ConfID=355736
Asymmetries of Knowledge;FU Berlin;15;3;2019;16;3;2019;https://linguistlist.org/callconf/browse-conf-action.cfm?ConfID=352516
BALEAP 2019 Biennial Conference;Leeds;12;3;2019;14;3;2019;https://linguistlist.org/callconf/browse-conf-action.cfm?ConfID=334016
COACT Conference 2019: Interaction and discourse in flux: Changing landscapes of everyday life;Oulu;24;3;2019;26;3;2019;https://linguistlist.org/callconf/browse-conf-action.cfm?ConfID=324376
"Contacts &amp; Contrasts 2019: Cultural Conceptualizations in Language, Literature, and Translation";Konin;01;3;2019;03;3;2019;https://linguistlist.org/callconf/browse-conf-action.cfm?ConfID=344416
Culture and Cognition in Language 2;Rzeszow;25;3;2019;26;3;2019;https://linguistlist.org/callconf/browse-conf-action.cfm?ConfID=346396
Doing Experiments with Theoretical Linguistics;Amsterdam;09;3;2019;09;3;2019;https://linguistlist.org/callconf/browse-conf-action.cfm?ConfID=351516
El plano fónico del español. Sección monográfica de las VIII Jornadas Internacionales de Lingüística Hispánica;Lisboa;01;3;2019;03;3;2019;https://linguistlist.org/callconf/browse-conf-action.cfm?ConfID=355796
EMI Practices in Europe;Copenhagen;04;3;2019;05;3;2019;https://linguistlist.org/callconf/browse-conf-action.cfm?ConfID=329056
English Historical Lexicography in the Digital Age: Focus on Social and Geographical Variation;Bergamo;11;3;2019;13;3;2019;https://linguistlist.org/callconf/browse-conf-action.cfm?ConfID=336456
Eurolinguistics Conference: Linguistic Aspects of the Past, Present and Future of Europe;Donauwörth;05;3;2019;07;3;2019;https://linguistlist.org/callconf/browse-conf-action.cfm?ConfID=338216
Florida Linguistics Yearly Meeting 2019;Gainesville;05;3;2019;06;3;2019;https://linguistlist.org/callconf/browse-conf-action.cfm?ConfID=357456
General and Specialist Translation/ Interpretation: Theory, Methods, Practice;Kyiv;05;3;2019;05;3;2019;https://linguistlist.org/callconf/browse-conf-action.cfm?ConfID=350456
Heterotopic Junction Conference;Hong Kong;13;3;2019;13;3;2019;https://linguistlist.org/callconf/browse-conf-action.cfm?ConfID=353016
Historical Corpora and Variation;Cagliari;04;3;2019;05;3;2019;https://linguistlist.org/callconf/browse-conf-action.cfm?ConfID=345776
Humor Research Project Conference;Sosnowiec;04;3;2019;05;3;2019;https://linguistlist.org/callconf/browse-conf-action.cfm?ConfID=356076
II Experimental Portuguese Linguistics Workshop;Toronto, Ontario;26;3;2019;27;3;2019;https://linguistlist.org/callconf/browse-conf-action.cfm?ConfID=346536
iMean6 Interaction and Meaning;Wellington;15;3;2019;17;3;2019;https://linguistlist.org/callconf/browse-conf-action.cfm?ConfID=334956
International Conference of Department of English Language and Literature;Lahore/Punjab;06;3;2019;07;3;2019;https://linguistlist.org/callconf/browse-conf-action.cfm?ConfID=354336
International Language Teacher Education Conference;Antalya;08;3;2019;10;3;2019;https://linguistlist.org/callconf/browse-conf-action.cfm?ConfID=352216
International Workshop on the L1 and L2 Acquisition of Information Structure;Leuven;25;3;2019;26;3;2019;https://linguistlist.org/callconf/browse-conf-action.cfm?ConfID=355076
Language and Culture in the Era of Scientific Knowledge and Professional Education Integration;Pyatigorsk/Stavropol Region;11;3;2019;12;3;2019;https://linguistlist.org/callconf/browse-conf-action.cfm?ConfID=355436
"Language Education &amp; Acquisition Research Conference 2019 Focusing Early Language Acquisition";Eichstätt;11;3;2019;13;3;2019;https://linguistlist.org/callconf/browse-conf-action.cfm?ConfID=341296
Language, Literature, Context 2019;Niš;12;3;2019;13;3;2019;https://linguistlist.org/callconf/browse-conf-action.cfm?ConfID=347976
La syntaxe des adverbes du français : Aspects catégoriel et fonctionnel;Olomouc;18;3;2019;19;3;2019;https://linguistlist.org/callconf/browse-conf-action.cfm?ConfID=352916
Linguistic Forum 2019: Indigenous Languages of Russia and Beyond;Moscow;04;3;2019;06;3;2019;https://linguistlist.org/callconf/browse-conf-action.cfm?ConfID=349316
Linguistics in the Gulf 6;Doha;01;3;2019;02;3;2019;https://linguistlist.org/callconf/browse-conf-action.cfm?ConfID=343596
Linguistics Prague 2019;Prague;25;3;2019;27;3;2019;https://linguistlist.org/callconf/browse-conf-action.cfm?ConfID=354376
Linking Interdisciplinary Perspectives on Cultural, Professional and Scientific Capacity Building;Rīga;11;3;2019;12;3;2019;https://linguistlist.org/callconf/browse-conf-action.cfm?ConfID=346556
Literature Today and Tomorrow;Tunis;19;3;2019;20;3;2019;https://linguistlist.org/callconf/browse-conf-action.cfm?ConfID=345856
Lund Symposium on Cognition, Communication and Learning;Lund;24;3;2019;26;3;2019;https://linguistlist.org/callconf/browse-conf-action.cfm?ConfID=340676
MariCorners 2019 LGTBIQ+ Communication and Spaces: I International Conference on LGTBIQ aspects and language;Madrid;10;3;2019;12;3;2019;https://linguistlist.org/callconf/browse-conf-action.cfm?ConfID=331736
Meaning and Indexicality across Subfields and Theories;Paris;12;3;2019;13;3;2019;https://linguistlist.org/callconf/browse-conf-action.cfm?ConfID=351976
Minnesota Undergraduate Linguistics Symposium 2019;Minneapolis, MN;13;3;2019;13;3;2019;https://linguistlist.org/callconf/browse-conf-action.cfm?ConfID=355636
Modern Developments in Linguistics and Language Teaching: The Problem of Method;Penza;24;3;2019;26;3;2019;https://linguistlist.org/callconf/browse-conf-action.cfm?ConfID=352316
Multilingualism, Diversity and Democracy Conference 2019;Jönköping;08;3;2019;10;3;2019;https://linguistlist.org/callconf/browse-conf-action.cfm?ConfID=356836
Neuroscience of Language in Abu Dhabi;Abu Dhabi;22;3;2019;23;3;2019;https://linguistlist.org/callconf/browse-conf-action.cfm?ConfID=334216
Noun Categorization: From Grammar to Communicative Interaction;Lyon;18;3;2019;19;3;2019;https://linguistlist.org/callconf/browse-conf-action.cfm?ConfID=349276
"Popular Culture Association &amp; American Culture Association 2019 Joint National Conference: Language Attitudes &amp; Popular Linguistics Area";Washington, D.C.;17;3;2019;20;3;2019;https://linguistlist.org/callconf/browse-conf-action.cfm?ConfID=340636
Princeton Phonology Forum;Princeton, NJ;05;3;2019;06;3;2019;https://linguistlist.org/callconf/browse-conf-action.cfm?ConfID=353916
Princeton Symposium on Syntactic Theory 2019;Princeton, NJ;05;3;2019;06;3;2019;https://linguistlist.org/callconf/browse-conf-action.cfm?ConfID=351596
Querencias II Conference on Hispanic and Portuguese Literatures, Cultural Studies, and Linguistics;Albuquerque, New Mexico;12;3;2019;13;3;2019;https://linguistlist.org/callconf/browse-conf-action.cfm?ConfID=344356
Seniors, Foreign Caregivers, Families, Institutions: Linguistic and Multidisciplinary Perspectives;Varese;09;3;2019;10;3;2019;https://linguistlist.org/callconf/browse-conf-action.cfm?ConfID=355476
Sluicing and Ellipsis at 50;Chicago, IL;12;3;2019;13;3;2019;https://linguistlist.org/callconf/browse-conf-action.cfm?ConfID=339636
Symposium for American Indian Languages - SAIL;Tucson, AZ;12;3;2019;13;3;2019;https://linguistlist.org/callconf/browse-conf-action.cfm?ConfID=356136
The North American Research Network in Historical Sociolinguistics at KFLC: The Languages, Literatures, and Cultures Conference;Lexington, Kentucky;11;3;2019;13;3;2019;https://linguistlist.org/callconf/browse-conf-action.cfm?ConfID=348396
The Scarlet Letters: Taboos of Language and Literature in the Contemporary Age;Padova;09;3;2019;10;3;2019;https://linguistlist.org/callconf/browse-conf-action.cfm?ConfID=336756
Typology of Small-scale Multilingualism;Lyon;15;3;2019;17;3;2019;https://linguistlist.org/callconf/browse-conf-action.cfm?ConfID=348576
UNC Linguistics Spring Colloquium 2019;Chapel Hill, NC;06;3;2019;06;3;2019;https://linguistlist.org/callconf/browse-conf-action.cfm?ConfID=350656
Uniting Gender Research;Tromsø;04;3;2019;05;3;2019;https://linguistlist.org/callconf/browse-conf-action.cfm?ConfID=355676
University of Hawaii at Hilo Humanities International Conference;Hilo, Hawaii;26;3;2019;27;3;2019;https://linguistlist.org/callconf/browse-conf-action.cfm?ConfID=348816
VIII International Conference on Hispanic Linguistics;Lisbon;01;3;2019;03;3;2019;https://linguistlist.org/callconf/browse-conf-action.cfm?ConfID=352056
Voyage au Québec : auto et hétéro-représentations;Genova;11;3;2019;12;3;2019;https://linguistlist.org/callconf/browse-conf-action.cfm?ConfID=346076
Wissenschaftliche Tagung der Germanistikstudierenden;Vilnius;26;3;2019;26;3;2019;https://linguistlist.org/callconf/browse-conf-action.cfm?ConfID=356396
Words as a Battlefield: Persuasion in Contemporary Political and Media Discourse;Maribor;05;3;2019;06;3;2019;https://linguistlist.org/callconf/browse-conf-action.cfm?ConfID=354316
Workshop on Arabic and Language Analysis in Asylum Procedures;London;09;3;2019;09;3;2019;https://linguistlist.org/callconf/browse-conf-action.cfm?ConfID=352297
Workshop on Complex Predicates in the Iranian Languages;Tucson, AZ;18;3;2019;18;3;2019;https://linguistlist.org/callconf/browse-conf-action.cfm?ConfID=350676
"XIII International Conference on Foreign Languages, Communication and Culture (WEFLA) &amp; XIII International Seminar on Canadian Studies (Secan)";Holguin;24;3;2019;26;3;2019;https://linguistlist.org/callconf/browse-conf-action.cfm?ConfID=344836
13th International Conference on Computational Semantics;Gothenburg;23;4;2019;27;4;2019;https://linguistlist.org/callconf/browse-conf-action.cfm?ConfID=347396
14th Cambridge Italian Dialect Syntax-Morphology Meeting;Prague;27;4;2019;29;4;2019;https://linguistlist.org/callconf/browse-conf-action.cfm?ConfID=357036
14th Nilo-Saharan Linguistics Conference;Vienna;29;4;2019;01;5;2019;https://linguistlist.org/callconf/browse-conf-action.cfm?ConfID=338257
16th EALTA Conference ''Transitions in Language Assessment'';Dublin;31;4;2019;02;5;2019;https://linguistlist.org/callconf/browse-conf-action.cfm?ConfID=348156
17th Conference on British and American Studies;Brasov;10;4;2019;11;4;2019;https://linguistlist.org/callconf/browse-conf-action.cfm?ConfID=352496
17th International Conference on Minority Languages;Leeuwarden, Friesland;22;4;2019;24;4;2019;https://linguistlist.org/callconf/browse-conf-action.cfm?ConfID=334636
22nd Annual Workshop on American Indigenous Languages;Santa Barbara, California;10;4;2019;11;4;2019;https://linguistlist.org/callconf/browse-conf-action.cfm?ConfID=351436
24th Workshop on the Structure and Constituency of the Languages of the Americas;College Park, Maryland;09;4;2019;11;4;2019;https://linguistlist.org/callconf/browse-conf-action.cfm?ConfID=347596
29th Colloquium on Generative Grammar;Ciudad Real;22;4;2019;24;4;2019;https://linguistlist.org/callconf/browse-conf-action.cfm?ConfID=350736
29th Meeting of Southeast Asian Linguistics Society;Tokyo;27;4;2019;29;4;2019;https://linguistlist.org/callconf/browse-conf-action.cfm?ConfID=352876
2nd Conference on Language, Data and Knowledge;Leipzig;20;4;2019;22;4;2019;https://linguistlist.org/callconf/browse-conf-action.cfm?ConfID=339256
31st International Conference on Foreign/Second Language Acquisition;Szczyrk;16;4;2019;18;4;2019;https://linguistlist.org/callconf/browse-conf-action.cfm?ConfID=346817
33rd International Conference of the Croatian Applied Linguistics Society: Meaning in Language - From Individual to Collective;Rijeka;16;4;2019;18;4;2019;https://linguistlist.org/callconf/browse-conf-action.cfm?ConfID=344016
36th International Conference on English Language Teaching and Learning;Taichung;17;4;2019;18;4;2019;https://linguistlist.org/callconf/browse-conf-action.cfm?ConfID=352116
3rd Dynamic Syntax Conference;Valletta;16;4;2019;17;4;2019;https://linguistlist.org/callconf/browse-conf-action.cfm?ConfID=349776
49th Linguistic Symposium on Romance Languages;Athens;01;4;2019;04;4;2019;https://linguistlist.org/callconf/browse-conf-action.cfm?ConfID=342296
4th American International Morphology Meeting;Stony Brook, NY;03;4;2019;05;4;2019;https://linguistlist.org/callconf/browse-conf-action.cfm?ConfID=349336
4th GEN TEFL International Conference;Bali;18;4;2019;19;4;2019;https://linguistlist.org/callconf/browse-conf-action.cfm?ConfID=338956
50th Annual Conference on African Linguistics;Vancouver/British Columbia;22;4;2019;26;4;2019;https://linguistlist.org/callconf/browse-conf-action.cfm?ConfID=355816
55th Meeting of the Chicago Linguistic Society;Chicago, IL;16;4;2019;18;4;2019;https://linguistlist.org/callconf/browse-conf-action.cfm?ConfID=330156
64th Annual Conference of the International Linguistic Association;Buenos Aires;30;4;2019;01;5;2019;https://linguistlist.org/callconf/browse-conf-action.cfm?ConfID=352336
6th International Conference of the English Department, Faculty of Philology, University of Belgrade;Belgrade;30;4;2019;01;5;2019;https://linguistlist.org/callconf/browse-conf-action.cfm?ConfID=331836
6th International Conference on English Pronunciation: Issues and Practices;Skopje;17;4;2019;18;4;2019;https://linguistlist.org/callconf/browse-conf-action.cfm?ConfID=347816
6th International Language in Focus Conference;Dubrovnik;02;4;2019;04;4;2019;https://linguistlist.org/callconf/browse-conf-action.cfm?ConfID=345016
7th Conference of The Scandinavian Association for Language and Cognition;Aarhus;22;4;2019;24;4;2019;https://linguistlist.org/callconf/browse-conf-action.cfm?ConfID=339576
8th International Conference on Narrative and Language Studies;Trabzon;02;4;2019;03;4;2019;https://linguistlist.org/callconf/browse-conf-action.cfm?ConfID=344036
ABRALIN50;Maceió. Alagoas;02;4;2019;09;4;2019;https://linguistlist.org/callconf/browse-conf-action.cfm?ConfID=331316
Annual Conference of the Institute for Bulgarian Language;Sofia;15;4;2019;15;4;2019;https://linguistlist.org/callconf/browse-conf-action.cfm?ConfID=356696
Approaches to Digital Discourse Analysis 2;Turku;23;4;2019;25;4;2019;https://linguistlist.org/callconf/browse-conf-action.cfm?ConfID=329216
Asian Conference on Language Learning 2019;Tokyo;16;4;2019;18;4;2019;https://linguistlist.org/callconf/browse-conf-action.cfm?ConfID=353596
Austronesian Formal Linguistics Association 26;London, Ontario;24;4;2019;26;4;2019;https://linguistlist.org/callconf/browse-conf-action.cfm?ConfID=345896
CHINED VII: 7th edition of the Conference on Historical News Discourse;Barcelona;23;4;2019;24;4;2019;https://linguistlist.org/callconf/browse-conf-action.cfm?ConfID=341377
Complement, Complementation, Completeness: From Gaps to Completion;Bordeaux;25;4;2019;26;4;2019;https://linguistlist.org/callconf/browse-conf-action.cfm?ConfID=349756
Deutscher Sprachgebrauch im 18. Jahrhundert: Sprachmentalität, Sprachwirklichkeit, Sprachreichtum;Eichstätt;09;4;2019;10;4;2019;https://linguistlist.org/callconf/browse-conf-action.cfm?ConfID=337576
Discourse Markers in Romance Languages 6;Bergamo;29;4;2019;31;4;2019;https://linguistlist.org/callconf/browse-conf-action.cfm?ConfID=347116
E-Dictionaries and E-Lexicography;Zagreb;10;4;2019;11;4;2019;https://linguistlist.org/callconf/browse-conf-action.cfm?ConfID=333256
ELTU Conference 2019: Alternative Approaches to English Language Learning and Teaching;Hong Kong;27;4;2019;28;4;2019;https://linguistlist.org/callconf/browse-conf-action.cfm?ConfID=335056
Ethnographies of Academic Writing: Research and Pedagogy;Zaragoza;16;4;2019;17;4;2019;https://linguistlist.org/callconf/browse-conf-action.cfm?ConfID=356296
Euro-American Relations in the Age of Globalization: Risks and Opportunities;Turin;06;4;2019;06;4;2019;https://linguistlist.org/callconf/browse-conf-action.cfm?ConfID=346156
Formal Approaches to Slavic Linguistics 28;Stony Brook, NY;03;4;2019;05;4;2019;https://linguistlist.org/callconf/browse-conf-action.cfm?ConfID=349297
Generative Linguistics in the Old World 42;Oslo;07;4;2019;11;4;2019;https://linguistlist.org/callconf/browse-conf-action.cfm?ConfID=331217
Germanic Linguistics Annual Conference;Iowa City, Iowa;03;4;2019;04;4;2019;https://linguistlist.org/callconf/browse-conf-action.cfm?ConfID=343016
Germanic Sandwich 2019;Amsterdam;23;4;2019;24;4;2019;https://linguistlist.org/callconf/browse-conf-action.cfm?ConfID=348496
HISPhonCog 2019: Hanyang International Conference on Phonetics and Cognitive Sciences of Language 2019;Seoul;24;4;2019;25;4;2019;https://linguistlist.org/callconf/browse-conf-action.cfm?ConfID=357256
Interactional Competences and Practices in a Second Language;Västerås;29;4;2019;31;4;2019;https://linguistlist.org/callconf/browse-conf-action.cfm?ConfID=339916
Interdisciplinary Studies on Pragmatics and Oral Discourse;Salamanca;15;4;2019;17;4;2019;https://linguistlist.org/callconf/browse-conf-action.cfm?ConfID=355096
Joint Biennial Conference of the Dictionary Society of North America and Studies in the History of the English Language;Bloomington, IN;08;4;2019;11;4;2019;https://linguistlist.org/callconf/browse-conf-action.cfm?ConfID=349356
Language – Culture – Literature: East African Perspective;Warsaw;23;4;2019;24;4;2019;https://linguistlist.org/callconf/browse-conf-action.cfm?ConfID=356016
Languages, Nations, Cultures: Pluricentric Languages in Context(s);Stockholm;22;4;2019;24;4;2019;https://linguistlist.org/callconf/browse-conf-action.cfm?ConfID=333096
Lavender Languages and Linguistics 26;Gothenburg;02;4;2019;04;4;2019;https://linguistlist.org/callconf/browse-conf-action.cfm?ConfID=336856
Manchester Forum in Linguistics;Manchester;02;4;2019;03;4;2019;https://linguistlist.org/callconf/browse-conf-action.cfm?ConfID=352836
Modification of Complex Predicates Workshop;Düsseldorf;23;4;2019;24;4;2019;https://linguistlist.org/callconf/browse-conf-action.cfm?ConfID=353237
Multilingual Childhoods: Education, Policy and Practice;Hamar;15;4;2019;16;4;2019;https://linguistlist.org/callconf/browse-conf-action.cfm?ConfID=332096
Multilingualism and Otherness;Nantes;10;4;2019;10;4;2019;https://linguistlist.org/callconf/browse-conf-action.cfm?ConfID=355056
Multilingual Language Theories and Practices;Corfu;09;4;2019;11;4;2019;https://linguistlist.org/callconf/browse-conf-action.cfm?ConfID=339296
Negation in Germanic;Gothenburg;23;4;2019;24;4;2019;https://linguistlist.org/callconf/browse-conf-action.cfm?ConfID=344956
On Person and Perspective - A workshop honoring the work of Maria Luisa Zubizarreta;Los Angeles;03;4;2019;04;4;2019;https://linguistlist.org/callconf/browse-conf-action.cfm?ConfID=344436
Parameters Workshop in Honour of Lisa Travis;Montreal, Quebec;17;4;2019;18;4;2019;https://linguistlist.org/callconf/browse-conf-action.cfm?ConfID=349317
Punctuation Seen internationally: System - Norm - Practices;Regensburg/Germany;03;4;2019;04;4;2019;https://linguistlist.org/callconf/browse-conf-action.cfm?ConfID=326956
Reported Discourse across Languages and Cultures;Villejuif (Paris);22;4;2019;23;4;2019;https://linguistlist.org/callconf/browse-conf-action.cfm?ConfID=346616
Researching Metaphor – Cognitive and Other;Genoa;13;4;2019;15;4;2019;https://linguistlist.org/callconf/browse-conf-action.cfm?ConfID=338896
SECOL 2019;Boca Raton, Florida;28;4;2019;02;5;2019;https://linguistlist.org/callconf/browse-conf-action.cfm?ConfID=346136
Semantics and Linguistic Theory;Los Angeles, CA;17;4;2019;19;4;2019;https://linguistlist.org/callconf/browse-conf-action.cfm?ConfID=345296
Society, Identity, and Transformation in Language Teacher Education: Eleventh International Conference on Language Teacher Education;Minneapolis, MN;30;4;2019;01;5;2019;https://linguistlist.org/callconf/browse-conf-action.cfm?ConfID=353296
Symposium on Analyzing Ideologies, Attitudes, and Power in Language Contact Setting;Stockholm;16;4;2019;17;4;2019;https://linguistlist.org/callconf/browse-conf-action.cfm?ConfID=343836
The English Linguistic Society of Japan 12th International Spring Forum 2019;Shibuya-ku, Tokyo;11;4;2019;12;4;2019;https://linguistlist.org/callconf/browse-conf-action.cfm?ConfID=345476
The Semantics of African, Asian, and Austronesian Languages 6;Cambridge, Massachusetts;31;4;2019;02;5;2019;https://linguistlist.org/callconf/browse-conf-action.cfm?ConfID=349077
The Syntagmatic Properties of Complementation Patterns: Accommodating Lexical and Grammatical uses of CTP-clauses;Liège;09;4;2019;10;4;2019;https://linguistlist.org/callconf/browse-conf-action.cfm?ConfID=354436
Translation as Political Act/ La traduction comme acte politique/ La traduzione come atto politico;Perugia;09;4;2019;10;4;2019;https://linguistlist.org/callconf/browse-conf-action.cfm?ConfID=344816
VI Congresso Internazionale della Società di Didattica delle Lingue e Linguistica Educativa;Valletta;23;4;2019;24;4;2019;https://linguistlist.org/callconf/browse-conf-action.cfm?ConfID=351396
XI International Conference on Corpus Linguistics;Valencia;15;4;2019;17;4;2019;https://linguistlist.org/callconf/browse-conf-action.cfm?ConfID=341996
10th Discourse, Communication and the Enterprise Conference;Leuven;03;5;2019;05;5;2019;https://linguistlist.org/callconf/browse-conf-action.cfm?ConfID=331896
10th International Conference on Historical Lexicography and Lexicology;Leeuwarden-Ljouwert;12;5;2019;14;5;2019;https://linguistlist.org/callconf/browse-conf-action.cfm?ConfID=349037
11th Austronesian and Papuan Languages and Linguistics conference;Leiden;13;5;2019;15;5;2019;https://linguistlist.org/callconf/browse-conf-action.cfm?ConfID=344556
11th Linguistic Landscape Workshop;Bangkok;04;5;2019;06;5;2019;https://linguistlist.org/callconf/browse-conf-action.cfm?ConfID=343916
12th Mediterranean Morphology Meeting;Ljubljana;27;5;2019;30;5;2019;https://linguistlist.org/callconf/browse-conf-action.cfm?ConfID=331256
13th International Conference of the Asian Association for Lexicography;Istanbul;19;5;2019;21;5;2019;https://linguistlist.org/callconf/browse-conf-action.cfm?ConfID=351756
15 konferensen om lexikografi i Norden;Helsinki;04;5;2019;07;5;2019;https://linguistlist.org/callconf/browse-conf-action.cfm?ConfID=355576
16th International Pragmatics Conference;Hong Kong;09;5;2019;14;5;2019;https://linguistlist.org/callconf/browse-conf-action.cfm?ConfID=322396
16th Workshop on Syntax, Semantics and Phonology;Madrid (España);17;5;2019;18;5;2019;https://linguistlist.org/callconf/browse-conf-action.cfm?ConfID=354296
17th Asia TEFL International Conference and the 6th FLLT International Conference;Bangkok;27;5;2019;29;5;2019;https://linguistlist.org/callconf/browse-conf-action.cfm?ConfID=353136
17th International Conference on Communication, Medicine and Ethics;Adelaide;26;5;2019;28;5;2019;https://linguistlist.org/callconf/browse-conf-action.cfm?ConfID=345936
19th ACBLPE Annual Conference;Lisbon;17;5;2019;19;5;2019;https://linguistlist.org/callconf/browse-conf-action.cfm?ConfID=356676
19th Annual Conference of the Japan Second Language Association;Tokyo;01;5;2019;02;5;2019;https://linguistlist.org/callconf/browse-conf-action.cfm?ConfID=353176
2019 Annual Conference of the North American Chapter of the Association for Computational Linguistics;Minneapolis;02;5;2019;07;5;2019;https://linguistlist.org/callconf/browse-conf-action.cfm?ConfID=342256
2019 Communication, Medicine, and Ethics Conference;Adelaide, South Australia;26;5;2019;28;5;2019;https://linguistlist.org/callconf/browse-conf-action.cfm?ConfID=349376
23rd DiscourseNet Conference: Discourse, Power and Mind: Between Reason and Emotion;Bergamo;06;5;2019;08;5;2019;https://linguistlist.org/callconf/browse-conf-action.cfm?ConfID=338436
24th International Association for World Englishe;Limerick;20;5;2019;22;5;2019;https://linguistlist.org/callconf/browse-conf-action.cfm?ConfID=347616
25th Himalayan Languages Symposium;Sydney;28;5;2019;29;5;2019;https://linguistlist.org/callconf/browse-conf-action.cfm?ConfID=353556
2nd International Conference on Historical Medical Discourse;Helsinki;10;5;2019;12;5;2019;https://linguistlist.org/callconf/browse-conf-action.cfm?ConfID=343756
32nd Annual Conference of the Canadian Association for Translation Studies;Vancouver, BC;02;5;2019;04;5;2019;https://linguistlist.org/callconf/browse-conf-action.cfm?ConfID=350316
3rd Budapest Linguistics Conference;Budapest;06;5;2019;08;5;2019;https://linguistlist.org/callconf/browse-conf-action.cfm?ConfID=350016
3rd European Conference on Argumentation;Groningen;24;5;2019;27;5;2019;https://linguistlist.org/callconf/browse-conf-action.cfm?ConfID=333396
3rd Syntax of Uralic Languages;Tartu;18;5;2019;19;5;2019;https://linguistlist.org/callconf/browse-conf-action.cfm?ConfID=357016
40th ICAME Conference;Neuchâtel;01;5;2019;05;5;2019;https://linguistlist.org/callconf/browse-conf-action.cfm?ConfID=343437
40th TABU Dag International Linguistics Conference;Groningen;20;5;2019;21;5;2019;https://linguistlist.org/callconf/browse-conf-action.cfm?ConfID=353756
47th Annual Meeting of the North Atlantic Conference on Afroasiatic Linguistics;Paris;24;5;2019;26;5;2019;https://linguistlist.org/callconf/browse-conf-action.cfm?ConfID=349038
4th PAC Conference Phonology of Contemporary English: Phonetic and Phonological Variation in Contemporary English: Xperience-Xperimentation;Aix-en-Provence;04;5;2019;05;5;2019;https://linguistlist.org/callconf/browse-conf-action.cfm?ConfID=347096
52nd International Conference on Sino-Tibetan Languages and Linguistics;Sydney, NSW;24;5;2019;26;5;2019;https://linguistlist.org/callconf/browse-conf-action.cfm?ConfID=353536
5th International Congress of Teaching Turkish as a Foreign Language;Athens;27;5;2019;28;5;2019;https://linguistlist.org/callconf/browse-conf-action.cfm?ConfID=351376
5th Workshop of the International Network of Address Research;Sheffield, Yorkshire;05;5;2019;07;5;2019;https://linguistlist.org/callconf/browse-conf-action.cfm?ConfID=340096
5th Workshop on Sound Change;Davis, California;20;5;2019;22;5;2019;https://linguistlist.org/callconf/browse-conf-action.cfm?ConfID=337376
8th AFLiCo Conference;Mulhouse;05;5;2019;07;5;2019;https://linguistlist.org/callconf/browse-conf-action.cfm?ConfID=345076
"8th International Conference on Language, Literature &amp; Culture: ''Struggle for Recognition: identity-formation and subjectivation''";Brest;06;5;2019;07;5;2019;https://linguistlist.org/callconf/browse-conf-action.cfm?ConfID=349216
8th International Workshop on Nominalizations;Stuttgart;21;5;2019;22;5;2019;https://linguistlist.org/callconf/browse-conf-action.cfm?ConfID=353376
8th Media for All International Conference;Stockholm;17;5;2019;19;5;2019;https://linguistlist.org/callconf/browse-conf-action.cfm?ConfID=323816
AELFE 2019;Pamplona, Navarra;20;5;2019;21;5;2019;https://linguistlist.org/callconf/browse-conf-action.cfm?ConfID=336496
Approaches to Multimodal Digital Environments: from theories to practices;Rome;20;5;2019;22;5;2019;https://linguistlist.org/callconf/browse-conf-action.cfm?ConfID=334976
Association for Studies of Literature and Environment Conference;Davis, CA;26;5;2019;30;5;2019;https://linguistlist.org/callconf/browse-conf-action.cfm?ConfID=350996
"Association for Study of Literature &amp; Environment Biennial Conference";Davis, California;26;5;2019;30;5;2019;https://linguistlist.org/callconf/browse-conf-action.cfm?ConfID=332816
Bootcamp on Quantitative Methods in L2 Research: Study design, regression modelling, social networks, replication studies, research synthesis and meta-analysis;Warsaw;10;5;2019;15;5;2019;https://linguistlist.org/callconf/browse-conf-action.cfm?ConfID=351256
Canadian Association of Applied Linguistics Annual Conference/Colloque annuel de l'Association canadienne de linguistique appliquée;Vancouver, British Columbia;03;5;2019;05;5;2019;https://linguistlist.org/callconf/browse-conf-action.cfm?ConfID=339556
Canadian Linguistics Association - Association canadienne de linguistique 2019 Annual meeting;Vancouver British Columbia;01;5;2019;03;5;2019;https://linguistlist.org/callconf/browse-conf-action.cfm?ConfID=351816
Comparative Germanic Syntax Workshop 34;Konstanz;14;5;2019;15;5;2019;https://linguistlist.org/callconf/browse-conf-action.cfm?ConfID=350716
Conference of the International Society for Humor Studies;Austin, Texas;24;5;2019;29;5;2019;https://linguistlist.org/callconf/browse-conf-action.cfm?ConfID=351736
Congrès du RFS 2019 Langues de valeur et valeur des langues;Ottawa, Ontario;14;5;2019;16;5;2019;https://linguistlist.org/callconf/browse-conf-action.cfm?ConfID=340496
Corpus Approaches to Lexicogrammar;Ormskirk;22;5;2019;22;5;2019;https://linguistlist.org/callconf/browse-conf-action.cfm?ConfID=348956
Diachronic Generative Syntax;Tempe, AZ;05;5;2019;07;5;2019;https://linguistlist.org/callconf/browse-conf-action.cfm?ConfID=300216
Diachronic Slavonic Syntax 4: Functional Organisation of Utterance in Diachronic and Comparative Perspective in Slavic Languages;Torun;13;5;2019;15;5;2019;https://linguistlist.org/callconf/browse-conf-action.cfm?ConfID=335896
Digital Diasporas: Interdisciplinary Perspectives;London;06;5;2019;07;5;2019;https://linguistlist.org/callconf/browse-conf-action.cfm?ConfID=340716
Experimental Psycholinguistics Conference;Mallorca;26;5;2019;28;5;2019;https://linguistlist.org/callconf/browse-conf-action.cfm?ConfID=349996
Expressing Evidence;Konstanz;06;5;2019;08;5;2019;https://linguistlist.org/callconf/browse-conf-action.cfm?ConfID=341958
Historical-Comparative Linguistics for Language Revitalization;Davis, CA;29;5;2019;30;5;2019;https://linguistlist.org/callconf/browse-conf-action.cfm?ConfID=356796
Inaugural Conference on Language Teaching and Learning: Cognition and Identity;Tai Po;28;5;2019;29;5;2019;https://linguistlist.org/callconf/browse-conf-action.cfm?ConfID=349816
International Child Phonology Conference;Montreal;14;5;2019;15;5;2019;https://linguistlist.org/callconf/browse-conf-action.cfm?ConfID=356036
International Conference on Conversation Analysis;Berlin;20;5;2019;23;5;2019;https://linguistlist.org/callconf/browse-conf-action.cfm?ConfID=337316
International Conference on Language Variation in Europe;Leeuwarden/Ljouwert;26;5;2019;28;5;2019;https://linguistlist.org/callconf/browse-conf-action.cfm?ConfID=327176
International Conference on Multilingual Acquisition and Multilingual Education;Hong Kong;22;5;2019;24;5;2019;https://linguistlist.org/callconf/browse-conf-action.cfm?ConfID=346796
International Society for Language Studies 2019 Conference;Hong Kong;20;5;2019;22;5;2019;https://linguistlist.org/callconf/browse-conf-action.cfm?ConfID=340876
International Symposium on Bilingualism 12;Edmonton, Alberta;23;5;2019;28;5;2019;https://linguistlist.org/callconf/browse-conf-action.cfm?ConfID=304756
International Workshop on Cantonese Syntax 2019;Olomouc;27;5;2019;28;5;2019;https://linguistlist.org/callconf/browse-conf-action.cfm?ConfID=347716
L3 Workshop: Multilingual Language Acquisition, Processing and Use;Konstanz;07;5;2019;08;5;2019;https://linguistlist.org/callconf/browse-conf-action.cfm?ConfID=345156
Langue et Territoire 4;Trento;24;5;2019;30;5;2019;https://linguistlist.org/callconf/browse-conf-action.cfm?ConfID=325656
MAG 2019 - Metadiscourse in Digital Communication: What has changed?;Bergamo;27;5;2019;29;5;2019;https://linguistlist.org/callconf/browse-conf-action.cfm?ConfID=338497
NAACL Student Research Workshop;Minneapolis, MN;02;5;2019;07;5;2019;https://linguistlist.org/callconf/browse-conf-action.cfm?ConfID=355756
Non-canonicity in Inflection;University of Surrey, Guildford;21;5;2019;22;5;2019;https://linguistlist.org/callconf/browse-conf-action.cfm?ConfID=352856
“On Potentialities” 6th ASYRAS Conference;Santander;27;5;2019;29;5;2019;https://linguistlist.org/callconf/browse-conf-action.cfm?ConfID=353878
PAC AIX 2019 Phonetic and Phonological Variation in Contemporary English: Xperience-Xperimentation;Aix en Provence;04;5;2019;05;5;2019;https://linguistlist.org/callconf/browse-conf-action.cfm?ConfID=349136
Phonetics and Phonology in Europe - 2019;Lecce, Apulia;17;5;2019;19;5;2019;https://linguistlist.org/callconf/browse-conf-action.cfm?ConfID=336376
Powerful Literary Fiction Texts - a Stylistic, Empirical and Performance-based Approach;Brighton;19;5;2019;21;5;2019;https://linguistlist.org/callconf/browse-conf-action.cfm?ConfID=350956
Pragmatic Particles in (Greek) Talk-in-interaction;Thessaloniki;24;5;2019;25;5;2019;https://linguistlist.org/callconf/browse-conf-action.cfm?ConfID=350076
Professionals and Research in Applied Linguistics: methodological challenges, social implications and perspectives for action;Lyon;24;5;2019;26;5;2019;https://linguistlist.org/callconf/browse-conf-action.cfm?ConfID=343856
Psycholinguistics in Iceland - Parsing and Prediction;Reykjavík;19;5;2019;20;5;2019;https://linguistlist.org/callconf/browse-conf-action.cfm?ConfID=346476
Reformuler, une question de genres? / Reformular, uma questão de géneros?;Porto;17;5;2019;18;5;2019;https://linguistlist.org/callconf/browse-conf-action.cfm?ConfID=354036
Rencontres lyonnaises des jeunes chercheurs en linguistique historique (Symposium of young researchers in historical linguistics of Gallo-Romance languages);Lyon;06;5;2019;06;5;2019;https://linguistlist.org/callconf/browse-conf-action.cfm?ConfID=348256
"Terminology &amp; Ontology: Theories and Applications";Chambéry;06;5;2019;07;5;2019;https://linguistlist.org/callconf/browse-conf-action.cfm?ConfID=356516
The International Conference on the Structure of Hungarian 14;Potsdam;11;5;2019;12;5;2019;https://linguistlist.org/callconf/browse-conf-action.cfm?ConfID=347036
The Second Forum on Cantonese Linguistics;Hong Kong;01;5;2019;01;5;2019;https://linguistlist.org/callconf/browse-conf-action.cfm?ConfID=354816
Thinking, Doing, Learning: Usage based perspectives on second language learning;Jyväskylä;17;5;2019;19;5;2019;https://linguistlist.org/callconf/browse-conf-action.cfm?ConfID=330176
Was ist Grammatikalität? / What is grammaticality?;Bamberg;27;5;2019;29;5;2019;https://linguistlist.org/callconf/browse-conf-action.cfm?ConfID=350796
Workshop Exhaustivity in Questions and Answers - Experimental and Theoretical Approaches;Tübingen;13;5;2019;14;5;2019;https://linguistlist.org/callconf/browse-conf-action.cfm?ConfID=355116
Workshop on Infant Language Development;Potsdam;13;5;2019;15;5;2019;https://linguistlist.org/callconf/browse-conf-action.cfm?ConfID=346837
XVII Encuentros;PARIS;19;5;2019;21;5;2019;https://linguistlist.org/callconf/browse-conf-action.cfm?ConfID=346756
Yiddish Language Structures 2;Düsseldorf;11;5;2019;13;5;2019;https://linguistlist.org/callconf/browse-conf-action.cfm?ConfID=346439
10th International Corpus Linguistics Conference;Cardiff;23;6;2019;27;6;2019;https://linguistlist.org/callconf/browse-conf-action.cfm?ConfID=344516
12th International Conference on Im/politeness;Anglia Ruskin University (Cambridge);17;6;2019;19;6;2019;https://linguistlist.org/callconf/browse-conf-action.cfm?ConfID=349876
24th International Lexical-Functional Grammar Conference;Canberra;08;6;2019;10;6;2019;https://linguistlist.org/callconf/browse-conf-action.cfm?ConfID=348336
26th International Conference on Head-Driven Phrase Structure Grammar;Bucharest;25;6;2019;26;6;2019;https://linguistlist.org/callconf/browse-conf-action.cfm?ConfID=350036
46th Linguistic Association of Canada and the United States Forum;Waterloo, Ontario;23;6;2019;26;6;2019;https://linguistlist.org/callconf/browse-conf-action.cfm?ConfID=351276
Acquisition of Chinese: Bilingualism and Multilingualism;Cambridge;01;6;2019;03;6;2019;https://linguistlist.org/callconf/browse-conf-action.cfm?ConfID=347376
Child Language Symposium;Sheffield;10;6;2019;12;6;2019;https://linguistlist.org/callconf/browse-conf-action.cfm?ConfID=355296
Conference on Hebrew Language and Linguistics;Cambridge;08;6;2019;10;6;2019;https://linguistlist.org/callconf/browse-conf-action.cfm?ConfID=331916
Conference on Mathematical Foundations of Informatics;Iasi;03;6;2019;06;6;2019;https://linguistlist.org/callconf/browse-conf-action.cfm?ConfID=350416
Congrès international de linguistique et de philologie romanes;Copenhague;01;6;2019;06;6;2019;https://linguistlist.org/callconf/browse-conf-action.cfm?ConfID=341056
Digital Humanities;Utrecht;09;6;2019;12;6;2019;https://linguistlist.org/callconf/browse-conf-action.cfm?ConfID=351897
English Noun Phrase 2019;Vienna;11;6;2019;13;6;2019;https://linguistlist.org/callconf/browse-conf-action.cfm?ConfID=334596
German(ic) in Language Contact: Grammatical and Sociolinguistic Dynamics;Berlin;03;6;2019;05;6;2019;https://linguistlist.org/callconf/browse-conf-action.cfm?ConfID=354896
IIEMCA International Conference 2019;Mannheim;02;6;2019;05;6;2019;https://linguistlist.org/callconf/browse-conf-action.cfm?ConfID=307496
International Conference on Historical Linguistics 24;Canberra, ACT;01;6;2019;05;6;2019;https://linguistlist.org/callconf/browse-conf-action.cfm?ConfID=323296
International Symposium on the Languages of Java 7;Banyuwangi;06;6;2019;07;6;2019;https://linguistlist.org/callconf/browse-conf-action.cfm?ConfID=316956
Language Contact in the Amdo Sprachbund;Grand Forks, North Dakota;12;6;2019;13;6;2019;https://linguistlist.org/callconf/browse-conf-action.cfm?ConfID=346576
Ninth Cambridge Conference on Language Endangerment;Cambridge;02;6;2019;02;6;2019;https://linguistlist.org/callconf/browse-conf-action.cfm?ConfID=343977
The 21st Meeting of the International Circle of Korean Linguistics;Melbourne;10;6;2019;12;6;2019;https://linguistlist.org/callconf/browse-conf-action.cfm?ConfID=342916
"""The Politics of Classifying Linguistic Varieties""";Wellington;13;6;2019;14;6;2019;https://linguistlist.org/callconf/browse-conf-action.cfm?ConfID=343236
VI liLETRAd Congress;Almeria;03;6;2019;05;6;2019;https://linguistlist.org/callconf/browse-conf-action.cfm?ConfID=347456
;Leuven;01;6;2019;03;6;2019;https://linguistlist.org/callconf/browse-conf-action.cfm?ConfID=333416
Workshop on the Syntax-Morphology Interface in Romance (co-located with HPSG 2019);Bucharest;24;6;2019;24;6;2019;https://linguistlist.org/callconf/browse-conf-action.cfm?ConfID=350056
15th International Cognitive Linguistics Conference;Nishinomiya;06;7;2019;11;7;2019;https://linguistlist.org/callconf/browse-conf-action.cfm?ConfID=332296
29th Conference of the European Second Language Association;Lund;28;7;2019;31;7;2019;https://linguistlist.org/callconf/browse-conf-action.cfm?ConfID=356736
31st European Summer School in Logic, Language and Information;Riga;05;7;2019;16;7;2019;https://linguistlist.org/callconf/browse-conf-action.cfm?ConfID=324776
4th International Conference on Ecolinguistics;Odense;12;7;2019;15;7;2019;https://linguistlist.org/callconf/browse-conf-action.cfm?ConfID=343096
52nd Annual Meeting of the Societas Linguistica Europaea;Leipzig;21;7;2019;24;7;2019;https://linguistlist.org/callconf/browse-conf-action.cfm?ConfID=298616
5th Workshop on Sino-Tibetan Languages of Southwest China;Tianjin;21;7;2019;23;7;2019;https://linguistlist.org/callconf/browse-conf-action.cfm?ConfID=349156
8th International Conference on Austroasiatic Linguistics;Chiang Mai;29;7;2019;31;7;2019;https://linguistlist.org/callconf/browse-conf-action.cfm?ConfID=354516
BAAL 2019 - 52nd Annual Meeting of the British Association for Applied Linguistics;Manchester;29;7;2019;31;7;2019;https://linguistlist.org/callconf/browse-conf-action.cfm?ConfID=354738
Grammar of South Caucasian: Contact-related Issues;Leipzig;21;7;2019;24;7;2019;https://linguistlist.org/callconf/browse-conf-action.cfm?ConfID=345176
Integrationism and Philosophies of Language: Emerging Alternative Epistemologies in the Global North and the Global South;University Park, PA;30;7;2019;02;8;2019;https://linguistlist.org/callconf/browse-conf-action.cfm?ConfID=339276
International Conference on Role and Reference Grammar 2019;Buffalo, NY;19;7;2019;21;7;2019;https://linguistlist.org/callconf/browse-conf-action.cfm?ConfID=348337
International Congress of Phonetic Sciences;Melbourne;04;7;2019;10;7;2019;https://linguistlist.org/callconf/browse-conf-action.cfm?ConfID=314496
International Symposium on Monolingual and Bilingual Speech 2019;Chania, Crete;27;7;2019;30;7;2019;https://linguistlist.org/callconf/browse-conf-action.cfm?ConfID=341116
Multidisciplinary Approaches in Language Policy and Planning;Toronto;22;7;2019;24;7;2019;https://linguistlist.org/callconf/browse-conf-action.cfm?ConfID=353456
New Sounds 2019 - The 9th International Symposium on the Acquisition of Second Language Speech;Tokyo;30;7;2019;01;8;2019;https://linguistlist.org/callconf/browse-conf-action.cfm?ConfID=348176
Per­sonal Names and Cultural Reconstruc­tions;Helsinki;21;7;2019;23;7;2019;https://linguistlist.org/callconf/browse-conf-action.cfm?ConfID=342036
Reflexivität kommunikativer Praktiken – Neue Perspektiven auf Metakommunikation;Hamburg;29;7;2019;30;7;2019;https://linguistlist.org/callconf/browse-conf-action.cfm?ConfID=355577
Research Data and Humanities;Oulu;14;7;2019;16;7;2019;https://linguistlist.org/callconf/browse-conf-action.cfm?ConfID=346996
SyntaxFest;Paris;26;7;2019;30;7;2019;https://linguistlist.org/callconf/browse-conf-action.cfm?ConfID=354756
Task Based Language Teaching 2019;Ottawa, Ontario;19;7;2019;21;7;2019;https://linguistlist.org/callconf/browse-conf-action.cfm?ConfID=348036
The Dark Side of Communication - The 2nd International and Interdisciplinary Conference on Discourse and Communication in Professional Contexts;Aalborg;14;7;2019;16;7;2019;https://linguistlist.org/callconf/browse-conf-action.cfm?ConfID=345636
12th Congress of South-East European Studies: Political, Social and Religious Dynamics in South East Europe;Bucharest;02;8;2019;07;8;2019;https://linguistlist.org/callconf/browse-conf-action.cfm?ConfID=292376
13th Conference of the Association for Linguistic Typology;Pavia;04;8;2019;06;8;2019;https://linguistlist.org/callconf/browse-conf-action.cfm?ConfID=344316
14th International Conference on Greek Linguistics;Patras;06;8;2019;08;8;2019;https://linguistlist.org/callconf/browse-conf-action.cfm?ConfID=332136
1st East Asian Pragmatics Symposium: Variational Pragmatics in East Asian Languages;Dalian;19;8;2019;21;8;2019;https://linguistlist.org/callconf/browse-conf-action.cfm?ConfID=352676
22nd Nordic Conference on Computational Linguistics;Turku;30;8;2019;02;9;2019;https://linguistlist.org/callconf/browse-conf-action.cfm?ConfID=350396
2nd International Conference on Child Foreign/Second Language Learning: Facing Heterogeneity in the Young Learner Classroom;Cracow;26;8;2019;28;8;2019;https://linguistlist.org/callconf/browse-conf-action.cfm?ConfID=350477
3e Congrès européen de la FIPF « français, passion pour demain ! »;Athens;04;8;2019;08;8;2019;https://linguistlist.org/callconf/browse-conf-action.cfm?ConfID=353476
3rd Experimental Pragmatics in Italy Conference;Cagliari;19;8;2019;20;8;2019;https://linguistlist.org/callconf/browse-conf-action.cfm?ConfID=348536
3rd International Workshop on the History of Speech Communication Research;Vienna;13;8;2019;14;8;2019;https://linguistlist.org/callconf/browse-conf-action.cfm?ConfID=356436
4th Bremen Conference on Multimodality;Bremen;25;8;2019;27;8;2019;https://linguistlist.org/callconf/browse-conf-action.cfm?ConfID=344796
5th ESTIDIA Conference;Naples;19;8;2019;21;8;2019;https://linguistlist.org/callconf/browse-conf-action.cfm?ConfID=352776
5th International Symposium on Place Names 2019: Recognition, Regulation, Revitalisation: Place Names and Indigenous Languages;Clarens;18;8;2019;20;8;2019;https://linguistlist.org/callconf/browse-conf-action.cfm?ConfID=356576
5th Learner Corpus Research Conference;Warsaw;12;8;2019;14;8;2019;https://linguistlist.org/callconf/browse-conf-action.cfm?ConfID=342636
6th International Conference ‘Cross-Curricularity in Language Education’;Krotoszyn;12;8;2019;14;8;2019;https://linguistlist.org/callconf/browse-conf-action.cfm?ConfID=348936
6th International Language Management Symposium: Re-exploring the Management of Intercultural Interactions at the Macro and Micro Levels;Ritsumeikan University, Kyoto;09;8;2019;10;8;2019;https://linguistlist.org/callconf/browse-conf-action.cfm?ConfID=348776
8th Biennial International Conference on the Linguistics of Contemporary English;University of Bamberg;26;8;2019;28;8;2019;https://linguistlist.org/callconf/browse-conf-action.cfm?ConfID=344076
Croatia and Croatians in Past and Present Networks;Sydney;19;8;2019;21;8;2019;https://linguistlist.org/callconf/browse-conf-action.cfm?ConfID=340516
Disfluency in Spontaneous Speech with a special day on (Dis)Fluency in Children’s Speech;Budapest;12;8;2019;14;8;2019;https://linguistlist.org/callconf/browse-conf-action.cfm?ConfID=343276
Europhras 2019;Malaga;25;8;2019;27;8;2019;https://linguistlist.org/callconf/browse-conf-action.cfm?ConfID=356756
Experimental Approaches to Perception and Production of Language Variation;Münster;26;8;2019;28;8;2019;https://linguistlist.org/callconf/browse-conf-action.cfm?ConfID=352576
Fifth International Conference on Onomastics “Name and Naming”. Multiculturalism in Onomastics;Baia Mare;03;8;2019;05;8;2019;https://linguistlist.org/callconf/browse-conf-action.cfm?ConfID=343516
Henry Sweet Society Annual Colloquium;Edinburgh;04;8;2019;07;8;2019;https://linguistlist.org/callconf/browse-conf-action.cfm?ConfID=349536
Interactive Workshop on Measuring Language Complexity;Freiburg;12;8;2019;13;8;2019;https://linguistlist.org/callconf/browse-conf-action.cfm?ConfID=353336
International Symposium of Morphology / Symposium international de morphologie;Paris;26;8;2019;27;8;2019;https://linguistlist.org/callconf/browse-conf-action.cfm?ConfID=350096
International Workshop on Functional Discourse Grammar: Interfaces in FDG;Oviedo;12;8;2019;13;8;2019;https://linguistlist.org/callconf/browse-conf-action.cfm?ConfID=349036
Klaara Conference 2019;Helsinki;19;8;2019;20;8;2019;https://linguistlist.org/callconf/browse-conf-action.cfm?ConfID=344996
Linguistic Standards in Romance FL Teaching;Kassel;29;8;2019;02;9;2019;https://linguistlist.org/callconf/browse-conf-action.cfm?ConfID=355776
Modern Mythologies;London;19;8;2019;21;8;2019;https://linguistlist.org/callconf/browse-conf-action.cfm?ConfID=331976
Names in Motion | Bewegte Namen;Münster;11;8;2019;13;8;2019;https://linguistlist.org/callconf/browse-conf-action.cfm?ConfID=344596
Pronunciation in Second Language Learning and Teaching 2019;Flagstaff, Arizona;12;8;2019;14;8;2019;https://linguistlist.org/callconf/browse-conf-action.cfm?ConfID=351016
Protolang 6;Lisbon;09;8;2019;12;8;2019;https://linguistlist.org/callconf/browse-conf-action.cfm?ConfID=350478
Recent Advances in Natural Language Processing;Varna;02;8;2019;04;8;2019;https://linguistlist.org/callconf/browse-conf-action.cfm?ConfID=356356
SDAS 2019: A Hundred Years, A Thousand Meanings;Ljubljana;19;8;2019;21;8;2019;https://linguistlist.org/callconf/browse-conf-action.cfm?ConfID=355596
Sinn und Bedeutung 24;Osnabrück;04;8;2019;07;8;2019;https://linguistlist.org/callconf/browse-conf-action.cfm?ConfID=351796
Theoretical Issues in Sign Language Research Conference 13;Hamburg;26;8;2019;28;8;2019;https://linguistlist.org/callconf/browse-conf-action.cfm?ConfID=339117
Translation in Transition 4;Barcelona, Catalonia;19;8;2019;20;8;2019;https://linguistlist.org/callconf/browse-conf-action.cfm?ConfID=344256
UK Language Variation and Change 12;London;03;8;2019;05;8;2019;https://linguistlist.org/callconf/browse-conf-action.cfm?ConfID=353816
XXXVI. Romanistentag 2019 – Sektion 16: Rekonstruktion und Erneuerung romanischer Regional- oder Minderheitensprachen im Zeitalter der Digital Humanities;Kassel;29;8;2019;02;9;2019;https://linguistlist.org/callconf/browse-conf-action.cfm?ConfID=353856
21st Inuit Studies Conference;Montreal, Quebec;03;9;2019;06;9;2019;https://linguistlist.org/callconf/browse-conf-action.cfm?ConfID=352236
35th South Asian Language Analysis Roundtable;Paris;29;9;2019;31;9;2019;https://linguistlist.org/callconf/browse-conf-action.cfm?ConfID=350236
4th English for Healthcare Conference;Universitat Jaume I, Castello de la Plana, Spain;03;9;2019;04;9;2019;https://linguistlist.org/callconf/browse-conf-action.cfm?ConfID=352136
4th Workshop on Sound Change;Salamanca;18;9;2019;18;9;2019;https://linguistlist.org/callconf/browse-conf-action.cfm?ConfID=331556
5th Saarbrücken Conference on Foreign Language Teaching;Saarbrücken;29;9;2019;31;9;2019;https://linguistlist.org/callconf/browse-conf-action.cfm?ConfID=337036
6th ICLHE Conference: Multilingualism and Multimodality in Higher Education;Castellón;15;9;2019;18;9;2019;https://linguistlist.org/callconf/browse-conf-action.cfm?ConfID=354676
Catégorisation claire vs approximative : à la recherche d’indices de différenciation;Strasbourg;03;9;2019;04;9;2019;https://linguistlist.org/callconf/browse-conf-action.cfm?ConfID=350276
Clear vs Approximate Categorization: Searching for Signs of Differentiation;Strasbourg;03;9;2019;04;9;2019;https://linguistlist.org/callconf/browse-conf-action.cfm?ConfID=354016
Colloque de Syntaxe et Sémantique à Paris;Paris;02;9;2019;04;9;2019;https://linguistlist.org/callconf/browse-conf-action.cfm?ConfID=356716
ICODOC 2019: Emotion, Empathy, Affectivity. Subjects and their Subjectivity through Linguistic and Educative Practices;Lyon;07;9;2019;09;9;2019;https://linguistlist.org/callconf/browse-conf-action.cfm?ConfID=355496
I Encuentro Latinoamericano de Interfaces Gramaticales;Mendoza;10;9;2019;12;9;2019;https://linguistlist.org/callconf/browse-conf-action.cfm?ConfID=356056
International Conference on Verbal Humor;University of Alicante (San Vicente del Raspeig);23;9;2019;25;9;2019;https://linguistlist.org/callconf/browse-conf-action.cfm?ConfID=349736
Les idéologies linguistiques dans la presse écrite : l’exemple des langues romanes;Messina;23;9;2019;25;9;2019;https://linguistlist.org/callconf/browse-conf-action.cfm?ConfID=344876
Lexicon and Genre Boundaries;Bayonne, Basque Country;10;9;2019;12;9;2019;https://linguistlist.org/callconf/browse-conf-action.cfm?ConfID=345897
Metadiscourse across Languages and Contexts;Chang Chun, Jilin;18;9;2019;20;9;2019;https://linguistlist.org/callconf/browse-conf-action.cfm?ConfID=352256
2nd International Colloquium on Plurilingualism;Udine;14;10;2019;15;10;2019;https://linguistlist.org/callconf/browse-conf-action.cfm?ConfID=327376
A Psycholinguistic Approach to Construction Figures;Paris;22;10;2019;22;10;2019;https://linguistlist.org/callconf/browse-conf-action.cfm?ConfID=355616
Bayerisch-österreichische Dialektologentagung;Salzburg;07;10;2019;09;10;2019;https://linguistlist.org/callconf/browse-conf-action.cfm?ConfID=341976
Conference on Mediterranean Linguistic Anthropology;To Be Advised;27;10;2019;30;10;2019;https://linguistlist.org/callconf/browse-conf-action.cfm?ConfID=341537
Contemporary Approaches to Legal Linguistics - 1st international conference of the Austrian Association for Legal Linguistics;Vienna;08;10;2019;10;10;2019;https://linguistlist.org/callconf/browse-conf-action.cfm?ConfID=345736
Metalinguistic Discourses 3;University Paris 13;07;10;2019;08;10;2019;https://linguistlist.org/callconf/browse-conf-action.cfm?ConfID=356157
Tense, Aspect and Modality in L2, Huelva 2019;Huelva;21;10;2019;22;10;2019;https://linguistlist.org/callconf/browse-conf-action.cfm?ConfID=355357
7th New Zealand Discourse Conference;Wellington;03;11;2019;06;11;2019;https://linguistlist.org/callconf/browse-conf-action.cfm?ConfID=328256
Conference on Asian Linguistic Anthropology 2020;Bintulu, Sarawak;05;1;2020;08;1;2020;https://linguistlist.org/callconf/browse-conf-action.cfm?ConfID=355856
Myth-making and Myth-busting in and about Late Modern English;Ragusa;07;4;2020;09;4;2020;https://linguistlist.org/callconf/browse-conf-action.cfm?ConfID=335996
International Conference on English Historical Linguistics - 21;Leiden;08;5;2020;12;5;2020;https://linguistlist.org/callconf/browse-conf-action.cfm?ConfID=349896
Kontrastive Pragmatik;Palermo;26;6;2020;02;7;2020;https://linguistlist.org/callconf/browse-conf-action.cfm?ConfID=315976
XIV. Kongress der Internationalen Vereinigung für Germanistik;Palermo;26;6;2020;02;7;2020;https://linguistlist.org/callconf/browse-conf-action.cfm?ConfID=316856
Methods in Dialectology XVII;JGU Mainz;03;7;2020;07;7;2020;https://linguistlist.org/callconf/browse-conf-action.cfm?ConfID=331776
6th Prescriptivism Conference;Vigo;24;8;2020;26;8;2020;https://linguistlist.org/callconf/browse-conf-action.cfm?ConfID=334176
